_id,content_type,DISCOUNT,pub_date,section_name,section_sort,hotness,hotness_score,price,discount,rate
5e3cd2b542ef8205635344dd,ARTICLE,13,9/30/2019 16:23,"Home, Garden & Pets Deals",46,3,66,17,4,0.76
5e3cd2b542ef82056353450b,ARTICLE,15,10/1/2019 14:20,"Home, Garden & Pets Deals",46,3,62,20,5,0.75
5e3cd2b542ef820563534558,ARTICLE,39,10/2/2019 17:12,"Home, Garden & Pets Deals",46,3,79,50,11,0.78
5e3cd2b542ef82056353466e,ARTICLE,5,10/8/2019 15:13,"Home, Garden & Pets Deals",46,3,116,49,44,0.1
5e3cd2b542ef8205635346c3,ARTICLE,3,10/9/2019 15:19,"Home, Garden & Pets Deals",46,3,63,37,34,0.08
5e3cd2b542ef8205635346ca,ARTICLE,7,10/9/2019 13:10,"Home, Garden & Pets Deals",46,3,75,23,16,0.3
5e3cd2b542ef8205635346d1,ARTICLE,20,10/9/2019 9:17,"Home, Garden & Pets Deals",46,3,70,440,420,0.05
5e3cd2b542ef8205635346f9,ARTICLE,10,10/10/2019 14:19,"Home, Garden & Pets Deals",46,3,138,100,90,0.1
5e3cd2b542ef820563534726,ARTICLE,11,10/11/2019 20:34,"Home, Garden & Pets Deals",46,3,85,69,58,0.16
5e3cd2b542ef820563534731,ARTICLE,26,10/11/2019 12:47,"Home, Garden & Pets Deals",46,3,97,44,18,0.59
5e3cd2b542ef82056353474e,ARTICLE,36,10/12/2019 15:03,"Home, Garden & Pets Deals",46,3,66,70,34,0.51
5e3cd2b542ef820563534792,ARTICLE,30,10/13/2019 12:02,"Home, Garden & Pets Deals",46,3,79,159,129,0.19
5e3cd2b542ef8205635347e1,ARTICLE,2,10/14/2019 11:36,"Home, Garden & Pets Deals",46,3,70,4,2,0.5
5e3cd2b542ef8205635347e2,ARTICLE,5,10/14/2019 11:20,"Home, Garden & Pets Deals",46,3,98,8,3,0.62
5e3cd2b542ef8205635347f9,ARTICLE,2,10/14/2019 0:10,"Home, Garden & Pets Deals",46,3,93,18,16,0.11
5e3cd2b542ef82056353484d,ARTICLE,37,10/15/2019 20:57,"Home, Garden & Pets Deals",46,3,84,152,115,0.24
5e3cd2b542ef82056353484e,ARTICLE,3,10/15/2019 20:54,"Home, Garden & Pets Deals",46,3,69,15,12,0.2
5e3cd2b542ef820563534868,ARTICLE,31,10/15/2019 8:15,"Home, Garden & Pets Deals",46,3,95,37,6,0.84
5e3cd2b642ef8205635348b2,ARTICLE,58,10/16/2019 19:33,"Home, Garden & Pets Deals",46,3,112,472,414,0.12
5e3cd2b642ef8205635348cc,ARTICLE,10,10/16/2019 14:02,"Home, Garden & Pets Deals",46,3,100,190,180,0.05
5e3cd2b642ef8205635348e9,ARTICLE,3,10/16/2019 10:58,"Home, Garden & Pets Deals",46,3,66,32,29,0.09
5e3cd2b642ef820563534941,ARTICLE,2,10/17/2019 14:06,"Home, Garden & Pets Deals",46,3,72,88,86,0.02
5e3cd2b642ef820563534980,ARTICLE,38,10/18/2019 14:45,"Home, Garden & Pets Deals",46,3,68,45,7,0.84
5e3cd2b642ef82056353498a,ARTICLE,40,10/18/2019 12:56,"Home, Garden & Pets Deals",46,3,98,80,40,0.5
5e3cd2b642ef8205635349a5,ARTICLE,24,10/18/2019 4:17,"Home, Garden & Pets Deals",46,3,102,35,11,0.69
5e3cd2b642ef820563534a0f,ARTICLE,29,10/20/2019 12:27,"Home, Garden & Pets Deals",46,3,69,77,48,0.38
5e3cd2b642ef820563534a5d,ARTICLE,21,10/21/2019 15:11,"Home, Garden & Pets Deals",46,3,63,25,4,0.84
5e3cd2b642ef820563534a62,ARTICLE,50,10/21/2019 14:52,"Home, Garden & Pets Deals",46,3,73,100,50,0.5
5e3cd2b642ef820563534a72,ARTICLE,12,10/21/2019 11:27,"Home, Garden & Pets Deals",46,3,77,38,26,0.32
5e3cd2b642ef820563534a7d,ARTICLE,16,10/21/2019 8:36,"Home, Garden & Pets Deals",46,3,73,35,19,0.46
5e3cd2b642ef820563534b17,ARTICLE,56,10/22/2019 11:07,"Home, Garden & Pets Deals",46,3,79,89,33,0.63
5e3cd2b742ef820563534bcc,ARTICLE,14,10/23/2019 11:25,"Home, Garden & Pets Deals",46,3,72,26,12,0.54
5e3cd2b742ef820563534c94,ARTICLE,10,10/24/2019 12:49,"Home, Garden & Pets Deals",46,3,87,239,229,0.04
5e3cd2b842ef820563534e49,ARTICLE,448,10/27/2019 15:21,"Home, Garden & Pets Deals",46,3,67,799,351,0.56
5e3cd2b842ef820563534e52,ARTICLE,30,10/27/2019 12:24,"Home, Garden & Pets Deals",46,3,101,239,209,0.13
5e3cd2b842ef820563534ebc,ARTICLE,10,10/28/2019 16:44,"Home, Garden & Pets Deals",46,3,149,215,205,0.05
5e3cd2b842ef820563534ecb,ARTICLE,100,10/28/2019 14:55,"Home, Garden & Pets Deals",46,3,84,299,199,0.33
5e3cd2b842ef820563534ef3,ARTICLE,92,10/28/2019 7:20,"Home, Garden & Pets Deals",46,3,86,297,205,0.31
5e3cd2b942ef820563535013,ARTICLE,50,10/30/2019 12:38,"Home, Garden & Pets Deals",46,3,151,148,98,0.34
5e3cd2b542ef8205635344dc,ARTICLE,12,9/30/2019 16:52,"Home, Garden & Pets Deals",46,3,93,30,18,0.4
5e3cd2b542ef8205635344de,ARTICLE,13,9/30/2019 15:05,"Home, Garden & Pets Deals",46,3,64,30,17,0.43
5e3cd2b542ef82056353450d,ARTICLE,12,10/1/2019 14:10,"Home, Garden & Pets Deals",46,3,87,25,13,0.48
5e3cd2b542ef8205635345b0,ARTICLE,8,10/4/2019 17:55,"Home, Garden & Pets Deals",46,3,84,11,3,0.73
5e3cd2b542ef8205635345b4,ARTICLE,5,10/4/2019 16:36,"Home, Garden & Pets Deals",46,3,108,17,12,0.29
5e3cd2b542ef8205635345b9,ARTICLE,60,10/4/2019 15:01,"Home, Garden & Pets Deals",46,3,96,90,30,0.67
5e3cd2b542ef8205635345bc,ARTICLE,14,10/4/2019 14:28,"Home, Garden & Pets Deals",46,3,90,23,9,0.61
5e3cd2b542ef8205635345d1,ARTICLE,69,10/5/2019 8:51,"Home, Garden & Pets Deals",46,3,108,161,92,0.43
5e3cd2b542ef8205635345f0,ARTICLE,7,10/6/2019 16:01,"Home, Garden & Pets Deals",46,3,109,8,1,0.88
5e3cd2b542ef8205635346c4,ARTICLE,27,10/9/2019 14:54,"Home, Garden & Pets Deals",46,3,80,55,28,0.49
5e3cd2b542ef8205635346c7,ARTICLE,23,10/9/2019 13:48,"Home, Garden & Pets Deals",46,3,92,219,196,0.11
5e3cd2b542ef8205635346d3,ARTICLE,7,10/9/2019 9:08,"Home, Garden & Pets Deals",46,3,83,10,3,0.7
5e3cd2b542ef8205635346f8,ARTICLE,8,10/10/2019 14:26,"Home, Garden & Pets Deals",46,3,72,61,53,0.13
5e3cd2b542ef820563534705,ARTICLE,2,10/10/2019 11:52,"Home, Garden & Pets Deals",46,3,98,9,7,0.22
5e3cd2b542ef820563534709,ARTICLE,90,10/10/2019 11:31,"Home, Garden & Pets Deals",46,3,81,210,120,0.43
5e3cd2b542ef820563534729,ARTICLE,14,10/11/2019 19:32,"Home, Garden & Pets Deals",46,3,64,51,37,0.27
5e3cd2b542ef82056353478d,ARTICLE,5,10/13/2019 14:09,"Home, Garden & Pets Deals",46,3,65,40,35,0.12
5e3cd2b542ef82056353478e,ARTICLE,28,10/13/2019 14:08,"Home, Garden & Pets Deals",46,3,65,149,121,0.19
5e3cd2b542ef820563534851,ARTICLE,16,10/15/2019 16:05,"Home, Garden & Pets Deals",46,3,85,90,74,0.18
5e3cd2b542ef820563534854,ARTICLE,6,10/15/2019 13:39,"Home, Garden & Pets Deals",46,3,88,48,42,0.12
5e3cd2b542ef820563534858,ARTICLE,15,10/15/2019 13:01,"Home, Garden & Pets Deals",46,3,78,85,70,0.18
5e3cd2b542ef82056353485e,ARTICLE,43,10/15/2019 11:45,"Home, Garden & Pets Deals",46,3,81,158,115,0.27
5e3cd2b542ef82056353486a,ARTICLE,10,10/15/2019 8:11,"Home, Garden & Pets Deals",46,3,87,25,15,0.4
5e3cd2b542ef820563534871,ARTICLE,8,10/15/2019 7:07,"Home, Garden & Pets Deals",46,3,65,48,40,0.17
5e3cd2b642ef8205635348cd,ARTICLE,54,10/16/2019 13:56,"Home, Garden & Pets Deals",46,3,130,225,171,0.24
5e3cd2b642ef820563534936,ARTICLE,22,10/17/2019 15:56,"Home, Garden & Pets Deals",46,3,67,35,13,0.63
5e3cd2b642ef820563534a5a,ARTICLE,16,10/21/2019 17:33,"Home, Garden & Pets Deals",46,3,108,121,105,0.13
5e3cd2b642ef820563534a61,ARTICLE,3,10/21/2019 14:57,"Home, Garden & Pets Deals",46,3,81,15,12,0.2
5e3cd2b642ef820563534b0b,ARTICLE,54,10/22/2019 12:32,"Home, Garden & Pets Deals",46,3,64,104,50,0.52
5e3cd2b642ef820563534b10,ARTICLE,5,10/22/2019 11:53,"Home, Garden & Pets Deals",46,3,69,12,7,0.42
5e3cd2b642ef820563534b15,ARTICLE,23,10/22/2019 11:13,"Home, Garden & Pets Deals",46,3,74,483,460,0.05
5e3cd2b742ef820563534bd9,ARTICLE,11,10/23/2019 10:25,"Home, Garden & Pets Deals",46,3,88,32,21,0.34
5e3cd2b742ef820563534c74,ARTICLE,29,10/24/2019 20:27,"Home, Garden & Pets Deals",46,3,99,175,146,0.17
5e3cd2b742ef820563534c85,ARTICLE,11,10/24/2019 15:48,"Home, Garden & Pets Deals",46,3,84,40,29,0.28
5e3cd2b842ef820563534d43,ARTICLE,61,10/25/2019 11:45,"Home, Garden & Pets Deals",46,3,100,99,38,0.62
5e3cd2b842ef820563534dce,ARTICLE,11,10/26/2019 9:57,"Home, Garden & Pets Deals",46,3,84,50,39,0.22
5e3cd2b842ef820563534dd1,ARTICLE,14,10/26/2019 9:47,"Home, Garden & Pets Deals",46,3,73,75,61,0.19
5e3cd2b942ef820563534f81,ARTICLE,15,10/29/2019 13:49,"Home, Garden & Pets Deals",46,3,73,22,7,0.68
5e3cd2b942ef820563534f8f,ARTICLE,4,10/29/2019 11:25,"Home, Garden & Pets Deals",46,3,107,10,6,0.4
5e3cd2b542ef8205635347e0,ARTICLE,4,10/14/2019 12:07,"Home, Garden & Pets Deals",46,3,74,10,6,0.4
5e3cd2b842ef820563534ddd,ARTICLE,7,10/26/2019 8:12,"Home, Garden & Pets Deals",46,3,138,75,68,0.09
5e3cd2b542ef820563534623,ARTICLE,2,10/7/2019 19:27,"Home, Garden & Pets Deals",46,3,95,60,58,0.03
5e3cd2b542ef8205635346c8,ARTICLE,5,10/9/2019 13:44,"Home, Garden & Pets Deals",46,3,68,35,30,0.14
5e3cd2b542ef8205635347dc,ARTICLE,4,10/14/2019 14:30,"Home, Garden & Pets Deals",46,3,144,23,19,0.17
5e3cd2b942ef820563534fbf,ARTICLE,2,10/31/2019 14:07,"Home, Garden & Pets Deals",46,3,76,17,15,0.12
5e3cd2b642ef8205635348f9,ARTICLE,7,10/16/2019 5:43,"Home, Garden & Pets Deals",46,3,92,25,18,0.28
5e3cd2b742ef820563534cac,ARTICLE,6,10/24/2019 9:36,"Home, Garden & Pets Deals",46,3,66,20,14,0.3
5e3cd2b542ef8205635344d9,ARTICLE,37,9/30/2019 17:03,"Home, Garden & Pets Deals",46,3,62,80,43,0.46
5e3cd2b542ef82056353458f,ARTICLE,4,10/3/2019 15:34,"Home, Garden & Pets Deals",46,3,87,6,2,0.67
5e3cd2b542ef8205635345d2,ARTICLE,7,10/5/2019 8:00,"Home, Garden & Pets Deals",46,3,109,26,19,0.27
5e3cd2b642ef8205635348f7,ARTICLE,3,10/16/2019 5:51,"Home, Garden & Pets Deals",46,3,63,15,12,0.2
5e3cd2b742ef820563534cbf,ARTICLE,32,10/24/2019 5:15,"Home, Garden & Pets Deals",46,3,107,137,105,0.23
5e3cd2b842ef820563534d52,ARTICLE,6,10/25/2019 9:40,"Home, Garden & Pets Deals",46,3,84,7,1,0.86
5e3cd2b842ef820563534dac,ARTICLE,37,10/26/2019 15:15,"Home, Garden & Pets Deals",46,3,98,143,106,0.26
5e3cd2b842ef820563534db7,ARTICLE,3,10/26/2019 13:49,"Home, Garden & Pets Deals",46,3,81,35,32,0.09
5e3cd2b942ef820563534f8d,ARTICLE,2,10/29/2019 11:38,"Home, Garden & Pets Deals",46,3,80,18,16,0.11
5e3cd2b942ef820563535021,ARTICLE,18,10/30/2019 11:19,"Home, Garden & Pets Deals",46,3,95,70,52,0.26
5e3cd2b942ef82056353502c,ARTICLE,15,10/30/2019 10:48,"Home, Garden & Pets Deals",46,3,119,24,9,0.62
5e3cd2b942ef820563535037,ARTICLE,3,10/30/2019 9:00,"Home, Garden & Pets Deals",46,3,138,16,13,0.19
5e3cd2b542ef82056353455b,ARTICLE,2,10/2/2019 14:49,"Home, Garden & Pets Deals",46,3,83,8,6,0.25
5e3cd2b542ef8205635347f0,ARTICLE,57,10/14/2019 6:00,"Home, Garden & Pets Deals",46,3,70,90,33,0.63
5e3cd2b842ef820563534e70,ARTICLE,10,10/29/2019 15:33,"Home, Garden & Pets Deals",46,3,94,20,10,0.5
5e3cd2b842ef820563534e73,ARTICLE,6,10/29/2019 15:25,"Home, Garden & Pets Deals",46,3,133,36,30,0.17
5e3cd2b942ef820563534f72,ARTICLE,8,10/29/2019 15:28,"Home, Garden & Pets Deals",46,3,75,13,5,0.62
5e3cd2b542ef8205635344e6,ARTICLE,5,9/30/2019 10:59,"Home, Garden & Pets Deals",46,3,111,25,20,0.2
5e3cd2b542ef8205635345a3,ARTICLE,510,10/3/2019 4:11,"Home, Garden & Pets Deals",46,3,94,550,40,0.93
5e3cd2b542ef82056353470a,ARTICLE,200,10/10/2019 11:21,"Home, Garden & Pets Deals",46,3,70,300,100,0.67
5e3cd2b942ef820563535003,ARTICLE,4,10/30/2019 15:09,"Home, Garden & Pets Deals",46,3,145,16,12,0.25
5e3cd2b942ef820563534ff8,ARTICLE,9,10/30/2019 19:08,"Home, Garden & Pets Deals",46,3,112,50,41,0.18
5e3cd2b542ef8205635347f4,ARTICLE,3,10/14/2019 5:09,"Home, Garden & Pets Deals",46,3,71,13,10,0.23
5e3cd2b642ef820563534a05,ARTICLE,32,10/20/2019 16:41,"Home, Garden & Pets Deals",46,3,105,100,68,0.32
5e3cd2b742ef820563534bfc,ARTICLE,80,10/23/2019 5:20,"Home, Garden & Pets Deals",46,3,118,200,120,0.4
5e3cd2b942ef820563535007,ARTICLE,6,10/30/2019 14:49,"Home, Garden & Pets Deals",46,3,100,7,1,0.86
5e3cd2b942ef820563535035,ARTICLE,10,10/30/2019 9:18,"Home, Garden & Pets Deals",46,3,81,25,15,0.4
5e3cd2b742ef820563534bac,ARTICLE,53,10/23/2019 14:41,"Home, Garden & Pets Deals",46,3,69,67,14,0.79
5e3cd2b842ef820563534d13,ARTICLE,23,10/25/2019 17:17,"Home, Garden & Pets Deals",46,3,87,127,104,0.18
5e3cd2b842ef820563534d15,ARTICLE,64,10/25/2019 16:44,"Home, Garden & Pets Deals",46,3,90,68,4,0.94
5e3cd2b842ef820563534d16,ARTICLE,6,10/25/2019 16:40,"Home, Garden & Pets Deals",46,3,89,24,18,0.25
5e3cd2b842ef820563534d23,ARTICLE,170,10/25/2019 14:50,"Home, Garden & Pets Deals",46,3,146,255,85,0.67
5e3cd2b642ef8205635348c7,ARTICLE,1,10/16/2019 14:21,"Home, Garden & Pets Deals",46,3,122,1050,1049,0
5e3cd2b742ef820563534b99,ARTICLE,9,10/23/2019 17:50,"Home, Garden & Pets Deals",46,3,83,40,31,0.22
5e3cd2b642ef820563534a14,ARTICLE,3,10/20/2019 9:24,"Home, Garden & Pets Deals",46,3,119,27,24,0.11
5e3cd2b642ef820563534a7f,ARTICLE,4,10/21/2019 6:57,"Home, Garden & Pets Deals",46,3,123,28,24,0.14
5e3cd2b842ef820563534d55,ARTICLE,2,10/25/2019 9:25,"Home, Garden & Pets Deals",46,3,78,32,30,0.06
5e3cd2b542ef820563534588,ARTICLE,26,10/3/2019 18:02,"Home, Garden & Pets Deals",46,3,87,75,49,0.35
5e3cd2b542ef82056353472a,ARTICLE,100,10/11/2019 18:25,"Home, Garden & Pets Deals",46,3,69,162,62,0.62
5e3cd2b642ef8205635348b3,ARTICLE,3,10/16/2019 18:50,"Home, Garden & Pets Deals",46,3,77,7,4,0.43
5e3cd2b642ef8205635348be,ARTICLE,2,10/16/2019 14:58,"Home, Garden & Pets Deals",46,3,93,3,1,0.67
5e3cd2b642ef8205635348bf,ARTICLE,6,10/16/2019 14:57,"Home, Garden & Pets Deals",46,3,117,20,14,0.3
5e3cd2b642ef8205635348c2,ARTICLE,12,10/16/2019 14:53,"Home, Garden & Pets Deals",46,3,78,28,16,0.43
5e3cd2b642ef8205635348d0,ARTICLE,94,10/16/2019 13:45,"Home, Garden & Pets Deals",46,3,90,119,25,0.79
5e3cd2b642ef8205635348d9,ARTICLE,9,10/16/2019 13:03,"Home, Garden & Pets Deals",46,3,73,21,12,0.43
5e3cd2b642ef820563534998,ARTICLE,8,10/18/2019 10:25,"Home, Garden & Pets Deals",46,3,81,33,25,0.24
5e3cd2b642ef820563534a6a,ARTICLE,460,10/21/2019 13:18,"Home, Garden & Pets Deals",46,3,63,600,140,0.77
5e3cd2b642ef820563534a6c,ARTICLE,35,10/21/2019 12:47,"Home, Garden & Pets Deals",46,3,80,155,120,0.23
5e3cd2b642ef820563534b1c,ARTICLE,39,10/22/2019 9:48,"Home, Garden & Pets Deals",46,3,110,40,1,0.98
5e3cd2b642ef820563534b26,ARTICLE,28,10/22/2019 6:31,"Home, Garden & Pets Deals",46,3,95,110,82,0.25
5e3cd2b742ef820563534bad,ARTICLE,7,10/23/2019 14:39,"Home, Garden & Pets Deals",46,3,74,31,24,0.23
5e3cd2b842ef820563534d32,ARTICLE,10,10/25/2019 13:20,"Home, Garden & Pets Deals",46,3,95,90,80,0.11
5e3cd2b842ef820563534d65,ARTICLE,22,10/25/2019 5:54,"Home, Garden & Pets Deals",46,3,115,230,208,0.1
5e3cd2b842ef820563534de0,ARTICLE,8,10/26/2019 6:33,"Home, Garden & Pets Deals",46,3,86,56,48,0.14
5e3cd2b942ef820563534ffe,ARTICLE,79,10/30/2019 16:57,"Home, Garden & Pets Deals",46,3,112,120,41,0.66
5e3cd2b542ef8205635344da,ARTICLE,11,9/30/2019 17:02,"Home, Garden & Pets Deals",46,2,39,24,13,0.46
5e3cd2b542ef820563534519,ARTICLE,15,10/1/2019 11:55,"Home, Garden & Pets Deals",46,2,48,25,10,0.6
5e3cd2b542ef82056353451b,ARTICLE,20,10/1/2019 11:37,"Home, Garden & Pets Deals",46,2,56,30,10,0.67
5e3cd2b542ef820563534528,ARTICLE,2,10/1/2019 8:51,"Home, Garden & Pets Deals",46,2,45,23,21,0.09
5e3cd2b542ef82056353456b,ARTICLE,13,10/2/2019 9:55,"Home, Garden & Pets Deals",46,2,41,30,17,0.43
5e3cd2b542ef8205635345ba,ARTICLE,118,10/4/2019 14:52,"Home, Garden & Pets Deals",46,2,54,411,293,0.29
5e3cd2b542ef820563534633,ARTICLE,3,10/7/2019 11:27,"Home, Garden & Pets Deals",46,2,58,10,7,0.3
5e3cd2b542ef820563534855,ARTICLE,10,10/15/2019 13:21,"Home, Garden & Pets Deals",46,2,53,30,20,0.33
5e3cd2b642ef8205635348e8,ARTICLE,2,10/16/2019 11:00,"Home, Garden & Pets Deals",46,2,52,10,8,0.2
5e3cd2b642ef82056353493c,ARTICLE,9,10/17/2019 14:15,"Home, Garden & Pets Deals",46,2,39,17,8,0.53
5e3cd2b642ef82056353494b,ARTICLE,6,10/17/2019 11:36,"Home, Garden & Pets Deals",46,2,50,14,8,0.43
5e3cd2b642ef820563534a5c,ARTICLE,70,10/21/2019 15:18,"Home, Garden & Pets Deals",46,2,49,130,60,0.54
5e3cd2b642ef820563534a69,ARTICLE,9,10/21/2019 13:27,"Home, Garden & Pets Deals",46,2,62,40,31,0.22
5e3cd2b742ef820563534c79,ARTICLE,15,10/24/2019 17:32,"Home, Garden & Pets Deals",46,2,55,30,15,0.5
5e3cd2b742ef820563534c83,ARTICLE,34,10/24/2019 15:52,"Home, Garden & Pets Deals",46,2,59,61,27,0.56
5e3cd2b842ef820563534eb7,ARTICLE,30,10/28/2019 19:54,"Home, Garden & Pets Deals",46,2,52,50,20,0.6
5e3cd2b942ef820563534f8e,ARTICLE,25,10/29/2019 11:30,"Home, Garden & Pets Deals",46,2,64,130,105,0.19
5e3cd2b542ef8205635344df,ARTICLE,8,9/30/2019 15:04,"Home, Garden & Pets Deals",46,2,49,30,22,0.27
5e3cd2b542ef820563534517,ARTICLE,14,10/1/2019 12:24,"Home, Garden & Pets Deals",46,2,50,75,61,0.19
5e3cd2b542ef82056353451a,ARTICLE,13,10/1/2019 11:41,"Home, Garden & Pets Deals",46,2,53,40,27,0.32
5e3cd2b542ef82056353455f,ARTICLE,47,10/2/2019 12:49,"Home, Garden & Pets Deals",46,2,40,100,53,0.47
5e3cd2b542ef820563534592,ARTICLE,21,10/3/2019 14:53,"Home, Garden & Pets Deals",46,2,51,68,47,0.31
5e3cd2b542ef8205635345bd,ARTICLE,11,10/4/2019 14:08,"Home, Garden & Pets Deals",46,2,52,17,6,0.65
5e3cd2b542ef8205635345f3,ARTICLE,6,10/6/2019 8:32,"Home, Garden & Pets Deals",46,2,58,13,7,0.46
5e3cd2b542ef820563534622,ARTICLE,87,10/7/2019 19:32,"Home, Garden & Pets Deals",46,2,39,469,382,0.19
5e3cd2b542ef820563534634,ARTICLE,9,10/7/2019 10:23,"Home, Garden & Pets Deals",46,2,51,12,3,0.75
5e3cd2b542ef820563534677,ARTICLE,34,10/8/2019 12:46,"Home, Garden & Pets Deals",46,2,57,165,131,0.21
5e3cd2b542ef8205635346cb,ARTICLE,11,10/9/2019 12:29,"Home, Garden & Pets Deals",46,2,54,18,7,0.61
5e3cd2b542ef8205635346f1,ARTICLE,7,10/10/2019 17:41,"Home, Garden & Pets Deals",46,2,37,59,52,0.12
5e3cd2b542ef820563534702,ARTICLE,12,10/10/2019 12:10,"Home, Garden & Pets Deals",46,2,47,36,24,0.33
5e3cd2b542ef82056353472e,ARTICLE,14,10/11/2019 16:02,"Home, Garden & Pets Deals",46,2,41,109,95,0.13
5e3cd2b542ef820563534753,ARTICLE,10,10/12/2019 12:14,"Home, Garden & Pets Deals",46,2,60,53,43,0.19
5e3cd2b542ef8205635347d9,ARTICLE,2,10/14/2019 14:49,"Home, Garden & Pets Deals",46,2,37,12,10,0.17
5e3cd2b542ef8205635347df,ARTICLE,14,10/14/2019 13:26,"Home, Garden & Pets Deals",46,2,54,49,35,0.29
5e3cd2b542ef820563534853,ARTICLE,18,10/15/2019 13:46,"Home, Garden & Pets Deals",46,2,61,22,4,0.82
5e3cd2b542ef820563534866,ARTICLE,8,10/15/2019 8:39,"Home, Garden & Pets Deals",46,2,50,15,7,0.53
5e3cd2b542ef820563534869,ARTICLE,16,10/15/2019 8:14,"Home, Garden & Pets Deals",46,2,59,34,18,0.47
5e3cd2b542ef82056353486b,ARTICLE,6,10/15/2019 8:06,"Home, Garden & Pets Deals",46,2,36,12,6,0.5
5e3cd2b542ef82056353486c,ARTICLE,37,10/15/2019 8:03,"Home, Garden & Pets Deals",46,2,34,155,118,0.24
5e3cd2b542ef82056353486e,ARTICLE,45,10/15/2019 7:52,"Home, Garden & Pets Deals",46,2,55,120,75,0.38
5e3cd2b642ef8205635348c4,ARTICLE,3,10/16/2019 14:51,"Home, Garden & Pets Deals",46,2,53,16,13,0.19
5e3cd2b642ef82056353493e,ARTICLE,5,10/17/2019 14:14,"Home, Garden & Pets Deals",46,2,61,19,14,0.26
5e3cd2b642ef820563534a64,ARTICLE,4,10/21/2019 13:57,"Home, Garden & Pets Deals",46,2,43,50,46,0.08
5e3cd2b642ef820563534a82,ARTICLE,10,10/21/2019 3:23,"Home, Garden & Pets Deals",46,2,48,61,51,0.16
5e3cd2b642ef820563534aff,ARTICLE,6,10/22/2019 19:16,"Home, Garden & Pets Deals",46,2,57,30,24,0.2
5e3cd2b642ef820563534b0c,ARTICLE,38,10/22/2019 12:15,"Home, Garden & Pets Deals",46,2,43,235,197,0.16
5e3cd2b642ef820563534b0f,ARTICLE,17,10/22/2019 11:53,"Home, Garden & Pets Deals",46,2,34,190,173,0.09
5e3cd2b642ef820563534b2b,ARTICLE,94,10/22/2019 5:34,"Home, Garden & Pets Deals",46,2,53,159,65,0.59
5e3cd2b742ef820563534c7c,ARTICLE,50,10/24/2019 17:03,"Home, Garden & Pets Deals",46,2,49,150,100,0.33
5e3cd2b842ef820563534dd3,ARTICLE,3,10/26/2019 9:29,"Home, Garden & Pets Deals",46,2,42,7,4,0.43
5e3cd2b842ef820563534e65,ARTICLE,16,10/29/2019 17:45,"Home, Garden & Pets Deals",46,2,62,62,46,0.26
5e3cd2b942ef820563534f77,ARTICLE,4,10/29/2019 14:52,"Home, Garden & Pets Deals",46,2,55,21,17,0.19
5e3cd2b942ef820563534fd7,ARTICLE,5,10/31/2019 9:42,"Home, Garden & Pets Deals",46,2,49,56,51,0.09
5e3cd2b542ef820563534523,ARTICLE,21,10/1/2019 9:57,"Home, Garden & Pets Deals",46,2,55,99,78,0.21
5e3cd2b542ef8205635345bb,ARTICLE,4,10/4/2019 14:46,"Home, Garden & Pets Deals",46,2,46,10,6,0.4
5e3cd2b542ef8205635347d8,ARTICLE,2,10/14/2019 14:50,"Home, Garden & Pets Deals",46,2,54,25,23,0.08
5e3cd2b542ef820563534857,ARTICLE,6,10/15/2019 13:10,"Home, Garden & Pets Deals",46,2,49,40,34,0.15
5e3cd2b642ef820563534943,ARTICLE,4,10/17/2019 13:23,"Home, Garden & Pets Deals",46,2,60,63,59,0.06
5e3cd2b942ef820563535001,ARTICLE,13,10/30/2019 15:22,"Home, Garden & Pets Deals",46,2,65,64,51,0.2
5e3cd2b542ef820563534870,ARTICLE,2,10/15/2019 7:07,"Home, Garden & Pets Deals",46,2,46,28,26,0.07
5e3cd2b542ef8205635344e5,ARTICLE,18,9/30/2019 11:05,"Home, Garden & Pets Deals",46,2,60,60,42,0.3
5e3cd2b542ef82056353452c,ARTICLE,7,10/1/2019 5:35,"Home, Garden & Pets Deals",46,2,39,31,24,0.23
5e3cd2b542ef82056353458a,ARTICLE,6,10/3/2019 17:12,"Home, Garden & Pets Deals",46,2,58,14,8,0.43
5e3cd2b542ef82056353467a,ARTICLE,6,10/8/2019 11:32,"Home, Garden & Pets Deals",46,2,51,15,9,0.4
5e3cd2b542ef8205635346fe,ARTICLE,10,10/10/2019 13:08,"Home, Garden & Pets Deals",46,2,36,79,69,0.13
5e3cd2b542ef820563534872,ARTICLE,10,10/15/2019 7:06,"Home, Garden & Pets Deals",46,2,45,60,50,0.17
5e3cd2b842ef820563534db5,ARTICLE,24,10/26/2019 14:16,"Home, Garden & Pets Deals",46,2,39,135,111,0.18
5e3cd2b942ef820563534f76,ARTICLE,2,10/29/2019 14:53,"Home, Garden & Pets Deals",46,2,44,49,47,0.04
5e3cd2b542ef8205635344db,ARTICLE,28,9/30/2019 17:01,"Home, Garden & Pets Deals",46,2,37,100,72,0.28
5e3cd2b542ef820563534875,ARTICLE,22,10/15/2019 6:22,"Home, Garden & Pets Deals",46,2,38,47,25,0.47
5e3cd2b642ef8205635348f5,ARTICLE,14,10/16/2019 6:13,"Home, Garden & Pets Deals",46,2,46,20,6,0.7
5e3cd2b642ef8205635348f6,ARTICLE,112,10/16/2019 6:12,"Home, Garden & Pets Deals",46,2,52,150,38,0.75
5e3cd2b642ef8205635348f8,ARTICLE,29,10/16/2019 5:45,"Home, Garden & Pets Deals",46,2,56,59,30,0.49
5e3cd2b942ef820563534f7a,ARTICLE,20,10/29/2019 14:44,"Home, Garden & Pets Deals",46,2,49,30,10,0.67
5e3cd2b942ef820563534fd5,ARTICLE,40,10/31/2019 10:08,"Home, Garden & Pets Deals",46,2,38,54,14,0.74
5e3cd2b542ef82056353466d,ARTICLE,30,10/8/2019 16:33,"Home, Garden & Pets Deals",46,2,46,90,60,0.33
5e3cd2b742ef820563534b9b,ARTICLE,25,10/23/2019 17:26,"Home, Garden & Pets Deals",46,2,53,75,50,0.33
5e3cd2b942ef820563534f09,ARTICLE,29,10/30/2019 19:27,"Home, Garden & Pets Deals",46,2,54,44,15,0.66
5e3cd2b942ef820563534fb5,ARTICLE,3,10/31/2019 17:58,"Home, Garden & Pets Deals",46,2,42,11,8,0.27
5e3cd2b542ef8205635345b5,ARTICLE,12,10/4/2019 16:00,"Home, Garden & Pets Deals",46,2,45,24,12,0.5
5e3cd2b542ef820563534665,ARTICLE,59,10/8/2019 20:49,"Home, Garden & Pets Deals",46,2,56,416,357,0.14
5e3cd2b642ef820563534937,ARTICLE,56,10/17/2019 15:35,"Home, Garden & Pets Deals",46,2,35,64,8,0.88
5e3cd2b542ef8205635345bf,ARTICLE,7,10/4/2019 8:42,"Home, Garden & Pets Deals",46,2,56,13,6,0.54
5e3cd2b642ef820563534b05,ARTICLE,80,10/22/2019 14:21,"Home, Garden & Pets Deals",46,2,54,110,30,0.73
5e3cd2b742ef820563534bae,ARTICLE,7,10/23/2019 14:38,"Home, Garden & Pets Deals",46,2,52,73,66,0.1
5e3cd2b742ef820563534bb1,ARTICLE,7,10/23/2019 14:34,"Home, Garden & Pets Deals",46,2,48,38,31,0.18
5e3cd2b742ef820563534bb2,ARTICLE,4,10/23/2019 14:34,"Home, Garden & Pets Deals",46,2,60,21,17,0.19
5e3cd2b742ef820563534bb4,ARTICLE,8,10/23/2019 14:33,"Home, Garden & Pets Deals",46,2,36,27,19,0.3
5e3cd2b742ef820563534ca9,ARTICLE,10,10/24/2019 10:09,"Home, Garden & Pets Deals",46,2,56,14,4,0.71
5e3cd2b742ef820563534cb1,ARTICLE,20,10/24/2019 9:11,"Home, Garden & Pets Deals",46,2,55,80,60,0.25
5e3cd2b942ef820563535014,ARTICLE,8,10/30/2019 12:36,"Home, Garden & Pets Deals",46,2,39,15,7,0.53
5e3cd2b542ef820563534587,ARTICLE,133,10/3/2019 18:23,"Home, Garden & Pets Deals",46,2,41,517,384,0.26
5e3cd2b542ef8205635346f6,ARTICLE,20,10/10/2019 14:51,"Home, Garden & Pets Deals",46,2,51,41,21,0.49
5e3cd2b542ef820563534862,ARTICLE,10,10/15/2019 10:16,"Home, Garden & Pets Deals",46,2,41,14,4,0.71
5e3cd2b642ef8205635348b4,ARTICLE,8,10/16/2019 18:35,"Home, Garden & Pets Deals",46,2,47,20,12,0.4
5e3cd2b642ef8205635348b5,ARTICLE,10,10/16/2019 18:19,"Home, Garden & Pets Deals",46,2,39,22,12,0.45
5e3cd2b642ef8205635348b6,ARTICLE,4,10/16/2019 18:15,"Home, Garden & Pets Deals",46,2,44,6,2,0.67
5e3cd2b642ef8205635348d1,ARTICLE,4,10/16/2019 13:43,"Home, Garden & Pets Deals",46,2,61,8,4,0.5
5e3cd2b642ef8205635348d2,ARTICLE,85,10/16/2019 13:38,"Home, Garden & Pets Deals",46,2,46,415,330,0.2
5e3cd2b642ef8205635348d4,ARTICLE,12,10/16/2019 13:16,"Home, Garden & Pets Deals",46,2,43,28,16,0.43
5e3cd2b642ef820563534955,ARTICLE,14,10/17/2019 9:17,"Home, Garden & Pets Deals",46,2,53,41,27,0.34
5e3cd2b642ef820563534a6e,ARTICLE,6,10/21/2019 11:52,"Home, Garden & Pets Deals",46,2,58,30,24,0.2
5e3cd2b742ef820563534be5,ARTICLE,14,10/23/2019 9:20,"Home, Garden & Pets Deals",46,2,52,31,17,0.45
5e3cd2b742ef820563534bfd,ARTICLE,19,10/23/2019 5:19,"Home, Garden & Pets Deals",46,2,54,59,40,0.32
5e3cd2b942ef82056353503a,ARTICLE,56,10/30/2019 6:51,"Home, Garden & Pets Deals",46,2,44,204,148,0.27
5e3cd2b542ef82056353455e,ARTICLE,27,10/2/2019 13:07,"Home, Garden & Pets Deals",46,1,25,103,76,0.26
5e3cd2b542ef8205635345ee,ARTICLE,32,10/6/2019 18:05,"Home, Garden & Pets Deals",46,1,27,197,165,0.16
5e3cd2b542ef8205635346bb,ARTICLE,14,10/9/2019 17:23,"Home, Garden & Pets Deals",46,4,191,23,9,0.61
5e3cd2b742ef820563534bc5,ARTICLE,10,10/23/2019 13:19,"Home, Garden & Pets Deals",46,1,17,50,40,0.2
5e3cd2b842ef820563534dda,ARTICLE,50,10/26/2019 8:40,"Home, Garden & Pets Deals",46,4,196,120,70,0.42
5e3cd2b842ef820563534e3e,ARTICLE,50,10/27/2019 17:49,"Home, Garden & Pets Deals",46,1,24,99,49,0.51
5e3cd2b842ef820563534ef4,ARTICLE,20,10/28/2019 7:03,"Home, Garden & Pets Deals",46,4,163,110,90,0.18
5e3cd2b942ef820563534fb0,ARTICLE,2,10/29/2019 5:03,"Home, Garden & Pets Deals",46,4,219,16,14,0.12
5e3cd2b542ef8205635345a2,ARTICLE,22,10/3/2019 4:41,"Home, Garden & Pets Deals",46,4,191,127,105,0.17
5e3cd2b542ef8205635346c0,ARTICLE,17,10/9/2019 16:19,"Home, Garden & Pets Deals",46,1,28,154,137,0.11
5e3cd2b542ef8205635346cd,ARTICLE,13,10/9/2019 11:44,"Home, Garden & Pets Deals",46,1,30,20,7,0.65
5e3cd2b542ef8205635346f5,ARTICLE,31,10/10/2019 14:55,"Home, Garden & Pets Deals",46,1,31,239,208,0.13
5e3cd2b542ef82056353486d,ARTICLE,9,10/15/2019 7:58,"Home, Garden & Pets Deals",46,1,31,30,21,0.3
5e3cd2b642ef820563534944,ARTICLE,7,10/17/2019 13:20,"Home, Garden & Pets Deals",46,1,31,21,14,0.33
5e3cd2b642ef8205635349bf,ARTICLE,5,10/19/2019 14:48,"Home, Garden & Pets Deals",46,4,203,44,39,0.11
5e3cd2b642ef8205635349c7,ARTICLE,3,10/19/2019 11:44,"Home, Garden & Pets Deals",46,4,173,15,12,0.2
5e3cd2b642ef820563534a58,ARTICLE,11,10/21/2019 23:31,"Home, Garden & Pets Deals",46,4,265,16,5,0.69
5e3cd2b642ef820563534a5e,ARTICLE,30,10/21/2019 15:06,"Home, Garden & Pets Deals",46,1,24,220,190,0.14
5e3cd2b742ef820563534bbf,ARTICLE,27,10/23/2019 13:28,"Home, Garden & Pets Deals",46,1,32,149,122,0.18
5e3cd2b742ef820563534bc0,ARTICLE,10,10/23/2019 13:22,"Home, Garden & Pets Deals",46,1,19,239,229,0.04
5e3cd2b742ef820563534ca4,ARTICLE,8,10/24/2019 10:52,"Home, Garden & Pets Deals",46,1,27,13,5,0.62
5e3cd2b842ef820563534d59,ARTICLE,13,10/25/2019 8:20,"Home, Garden & Pets Deals",46,1,28,25,12,0.52
5e3cd2b842ef820563534dc4,ARTICLE,16,10/26/2019 11:21,"Home, Garden & Pets Deals",46,4,266,49,33,0.33
5e3cd2b842ef820563534eb8,ARTICLE,15,10/28/2019 19:33,"Home, Garden & Pets Deals",46,1,33,110,95,0.14
5e3cd2b542ef8205635345b7,ARTICLE,17,10/4/2019 15:49,"Home, Garden & Pets Deals",46,4,162,45,28,0.38
5e3cd2b642ef8205635348cf,ARTICLE,2,10/16/2019 13:50,"Home, Garden & Pets Deals",46,1,32,68,66,0.03
5e3cd2b842ef820563534e7c,ARTICLE,3,10/29/2019 14:37,"Home, Garden & Pets Deals",46,4,161,18,15,0.17
5e3cd2b542ef820563534564,ARTICLE,41,10/2/2019 11:29,"Home, Garden & Pets Deals",46,1,32,295,254,0.14
5e3cd2b542ef820563534686,ARTICLE,3,10/8/2019 6:29,"Home, Garden & Pets Deals",46,1,31,5,2,0.6
5e3cd2b542ef820563534735,ARTICLE,12,10/11/2019 6:21,"Home, Garden & Pets Deals",46,4,205,56,44,0.21
5e3cd2b742ef820563534bb8,ARTICLE,33,10/23/2019 14:22,"Home, Garden & Pets Deals",46,1,31,127,94,0.26
5e3cd2b842ef820563534daa,ARTICLE,3,10/26/2019 15:19,"Home, Garden & Pets Deals",46,4,191,47,44,0.06
5e3cd2b842ef820563534daf,ARTICLE,28,10/26/2019 15:07,"Home, Garden & Pets Deals",46,4,284,88,60,0.32
5e3cd2b842ef820563534db6,ARTICLE,13,10/26/2019 14:05,"Home, Garden & Pets Deals",46,4,250,52,39,0.25
5e3cd2b942ef820563534f6c,ARTICLE,2,10/29/2019 17:08,"Home, Garden & Pets Deals",46,4,226,6,4,0.33
5e3cd2b942ef820563534f7b,ARTICLE,3,10/29/2019 14:41,"Home, Garden & Pets Deals",46,1,28,60,57,0.05
5e3cd2b542ef820563534706,ARTICLE,14,10/10/2019 11:51,"Home, Garden & Pets Deals",46,1,33,40,26,0.35
5e3cd2b642ef820563534942,ARTICLE,30,10/17/2019 14:06,"Home, Garden & Pets Deals",46,1,27,60,30,0.5
5e3cd2b642ef820563534a04,ARTICLE,12,10/20/2019 22:10,"Home, Garden & Pets Deals",46,4,280,28,16,0.43
5e3cd2b942ef820563535015,ARTICLE,120,10/30/2019 12:32,"Home, Garden & Pets Deals",46,1,22,170,50,0.71
5e3cd2b842ef820563534db2,ARTICLE,6,10/26/2019 14:42,"Home, Garden & Pets Deals",46,4,202,20,14,0.3
5e3cd2b842ef820563534db9,ARTICLE,3,10/26/2019 13:46,"Home, Garden & Pets Deals",46,5,318,5,2,0.6
5e3cd2b542ef820563534668,ARTICLE,60,10/8/2019 20:14,"Home, Garden & Pets Deals",46,1,31,110,50,0.55
5e3cd2b542ef820563534666,ARTICLE,639,10/8/2019 20:41,"Home, Garden & Pets Deals",46,1,30,1570,931,0.41
5e3cd2b542ef8205635347f2,ARTICLE,33,10/14/2019 5:16,"Home, Garden & Pets Deals",46,4,224,157,124,0.21
5e3cd2b642ef820563534956,ARTICLE,17,10/17/2019 9:14,"Home, Garden & Pets Deals",46,4,217,27,10,0.63
5e3cd2b642ef82056353497d,ARTICLE,27,10/18/2019 16:19,"Home, Garden & Pets Deals",46,4,266,77,50,0.35
5e3cd2b642ef820563534a68,ARTICLE,10,10/21/2019 13:30,"Home, Garden & Pets Deals",46,4,233,25,15,0.4
5e3cd2b642ef820563534b3b,ARTICLE,12,10/21/2019 12:28,"Home, Garden & Pets Deals",46,5,302,30,18,0.4
5e3cd2b942ef820563535036,ARTICLE,18,10/30/2019 9:15,"Home, Garden & Pets Deals",46,4,215,30,12,0.6
5e3cd2b942ef820563535041,ARTICLE,24,10/29/2019 19:37,"Home, Garden & Pets Deals",46,5,320,45,21,0.53
5e3cd2b742ef820563534bb3,ARTICLE,18,10/23/2019 14:33,"Home, Garden & Pets Deals",46,1,23,137,119,0.13
5e3cd2b942ef820563534f4e,ARTICLE,30,10/30/2019 10:17,"Home, Garden & Pets Deals",46,4,162,129,99,0.23
5e3cd2b942ef820563534fd4,ARTICLE,2,10/31/2019 10:09,"Home, Garden & Pets Deals",46,4,183,5,3,0.4
5e3cd2b942ef82056353503c,ARTICLE,105,10/30/2019 6:16,"Home, Garden & Pets Deals",46,1,29,170,65,0.62
5e3cd2b942ef820563534fda,ARTICLE,3,10/31/2019 9:31,"Home, Garden & Pets Deals",46,1,34,45,42,0.07
5e3cd2b642ef820563534b24,ARTICLE,31,10/22/2019 7:00,"Home, Garden & Pets Deals",46,4,178,76,45,0.41
5e3cd2b842ef820563534de2,ARTICLE,690,10/26/2019 4:55,"Home, Garden & Pets Deals",46,4,219,850,160,0.81
5e3cd2b842ef820563534ebd,ARTICLE,13,10/28/2019 16:17,"Home, Garden & Pets Deals",46,4,200,30,17,0.43
5e3cd2b542ef82056353456d,ARTICLE,71,10/2/2019 9:33,Cell Phone Deals,14,1,29,399,328,0.18
5e3cd2b542ef82056353474b,ARTICLE,20,10/12/2019 16:33,TV Deals,13,1,23,228,208,0.09
5e3cd2b542ef820563534789,ARTICLE,14,10/13/2019 18:25,Kids & Toys Deals,60,1,30,96,82,0.15
5e3cd2b642ef8205635348c5,ARTICLE,14,10/16/2019 14:29,Kids & Toys Deals,60,1,20,114,100,0.12
5e3cd2b642ef8205635348cb,ARTICLE,10,10/16/2019 14:07,Kids & Toys Deals,60,1,21,30,20,0.33
5e3cd2b642ef82056353499d,ARTICLE,20,10/18/2019 8:05,TV Deals,13,1,31,190,170,0.11
5e3cd2b642ef8205635349c2,ARTICLE,20,10/19/2019 13:18,TV Deals,13,1,24,200,180,0.1
5e3cd2b642ef8205635349c4,ARTICLE,119,10/19/2019 12:10,TV Deals,13,1,33,356,237,0.33
5e3cd2b642ef820563534b34,ARTICLE,50,10/22/2019 3:33,Cell Phone Deals,14,1,29,349,299,0.14
5e3cd2b742ef820563534bc8,ARTICLE,19,10/23/2019 13:16,Sports Deals,48,1,27,75,56,0.25
5e3cd2b742ef820563534bc9,ARTICLE,7,10/23/2019 13:16,Office Deals,30,1,26,48,41,0.15
5e3cd2b742ef820563534bd3,ARTICLE,151,10/23/2019 10:40,IPad & Tablet Deals,12,1,32,699,548,0.22
5e3cd2b842ef820563534d6b,ARTICLE,120,10/25/2019 5:02,IPad & Tablet Deals,12,5,332,299,179,0.4
5e3cd2b842ef820563534e41,ARTICLE,50,10/27/2019 17:46,TV Deals,13,1,25,230,180,0.22
5e3cd2b842ef820563534e54,ARTICLE,119,10/27/2019 11:40,TV Deals,13,1,35,356,237,0.33
5e3cd2b542ef8205635344e9,ARTICLE,20,9/30/2019 10:16,TV Deals,13,1,23,150,130,0.13
5e3cd2b542ef82056353456f,ARTICLE,39,10/2/2019 8:23,Computer Peripheral Deals,24,1,28,190,151,0.21
5e3cd2b542ef820563534670,ARTICLE,5,10/8/2019 14:29,Health & Beauty Deals,53,1,26,6,1,0.83
5e3cd2b642ef8205635348c6,ARTICLE,16,10/16/2019 14:25,Kids & Toys Deals,60,1,23,59,43,0.27
5e3cd2b642ef8205635348d5,ARTICLE,21,10/16/2019 13:15,Kids & Toys Deals,60,1,20,24,3,0.88
5e3cd2b642ef8205635348d7,ARTICLE,6,10/16/2019 13:10,Kids & Toys Deals,60,1,27,24,18,0.25
5e3cd2b642ef8205635348da,ARTICLE,2,10/16/2019 12:40,Kids & Toys Deals,60,1,25,8,6,0.25
5e3cd2b642ef8205635348fa,ARTICLE,7,10/16/2019 5:28,Kids & Toys Deals,60,1,16,77,70,0.09
5e3cd2b742ef820563534bc3,ARTICLE,20,10/23/2019 13:20,Sports Deals,48,1,33,80,60,0.25
5e3cd2b742ef820563534cc5,ARTICLE,12,10/24/2019 2:37,Health & Beauty Deals,53,5,298,13,1,0.92
5e3cd2b942ef820563534fff,ARTICLE,21,10/30/2019 16:32,IPad & Tablet Deals,12,1,27,75,54,0.28
5e3cd2b942ef82056353500b,ARTICLE,6,10/30/2019 14:14,Gifts & Jewelry Deals,52,1,26,22,16,0.27
5e3cd2b542ef8205635346ff,ARTICLE,21,10/10/2019 12:55,TV Deals,13,1,30,528,507,0.04
5e3cd2b842ef820563534ec8,ARTICLE,3,10/28/2019 14:58,Sports Deals,48,1,33,16,13,0.19
5e3cd2b642ef820563534a85,ARTICLE,7,10/20/2019 14:09,Shoe Deals,43,5,298,33,26,0.21
5e3cd2b542ef820563534701,ARTICLE,5,10/10/2019 12:35,Health & Beauty Deals,53,1,32,7,2,0.71
5e3cd2b642ef8205635348bc,ARTICLE,95,10/16/2019 15:40,Electronics Deals,18,1,30,280,185,0.34
5e3cd2b642ef82056353494c,ARTICLE,12,10/17/2019 11:02,Shoe Deals,43,1,32,28,16,0.43
5e3cd2b642ef82056353495f,ARTICLE,15,10/16/2019 22:27,Automotive Deals,49,5,284,275,260,0.05
5e3cd2b642ef82056353498e,ARTICLE,6,10/18/2019 12:44,Video Game Deals,59,1,31,54,48,0.11
5e3cd2b742ef820563534b9f,ARTICLE,5,10/23/2019 17:06,Automotive Deals,49,1,23,9,4,0.56
5e3cd2b942ef820563534f71,ARTICLE,3,10/29/2019 15:48,Electronics Deals,18,1,35,11,8,0.27
5e3cd2b542ef82056353455a,ARTICLE,78,10/2/2019 17:05,Electronics Deals,18,1,29,120,42,0.65
5e3cd2b542ef820563534669,ARTICLE,65,10/8/2019 20:01,PC Laptop Deals,9,1,23,214,149,0.3
5e3cd2b542ef82056353472b,ARTICLE,40,10/11/2019 17:42,Computer Peripheral Deals,24,1,17,180,140,0.22
5e3cd2b942ef820563534fca,ARTICLE,7,10/31/2019 11:06,Video Game Deals,59,1,29,53,46,0.13
5e3cd2b642ef8205635348af,ARTICLE,304,10/16/2019 20:49,PC Desktop & Server Deals,10,1,30,409,105,0.74
5e3cd2b642ef8205635348b0,ARTICLE,327,10/16/2019 20:32,PC Laptop Deals,9,1,32,429,102,0.76
5e3cd2b642ef82056353493a,ARTICLE,593,10/17/2019 14:49,PC Laptop Deals,9,1,28,999,406,0.59
5e3cd2b742ef820563534be0,ARTICLE,270,10/23/2019 9:48,PC Laptop Deals,9,1,16,429,159,0.63
5e3cd2b942ef820563534f5e,ARTICLE,900,10/30/2019 5:40,PC Laptop Deals,9,1,28,1099,199,0.82
5e3cd2b642ef8205635348b1,ARTICLE,10,10/16/2019 20:29,PC Laptop Deals,9,1,19,719,709,0.01
5e3cd2b542ef820563534635,ARTICLE,280,10/7/2019 9:54,PC Laptop Deals,9,1,24,839,559,0.33
5e3cd2b542ef8205635346b9,ARTICLE,8,10/9/2019 17:55,Clothing Deals,42,1,18,16,8,0.5
5e3cd2b542ef8205635347cd,ARTICLE,694,10/14/2019 21:04,PC Laptop Deals,9,1,21,1121,427,0.62
5e3cd2b542ef8205635347ce,ARTICLE,440,10/14/2019 20:45,PC Desktop & Server Deals,10,1,24,719,279,0.61
5e3cd2b542ef8205635347cf,ARTICLE,247,10/14/2019 20:27,PC Laptop Deals,9,1,15,409,162,0.6
5e3cd2b542ef820563534864,ARTICLE,47,10/15/2019 9:01,PC Laptop Deals,9,1,29,183,136,0.26
5e3cd2b642ef820563534afd,ARTICLE,396,10/22/2019 20:29,PC Laptop Deals,9,1,27,639,243,0.62
5e3cd2b642ef820563534b1d,ARTICLE,900,10/22/2019 9:41,PC Laptop Deals,9,1,33,1099,199,0.82
5e3cd2b942ef820563534f64,ARTICLE,5,10/29/2019 23:57,Computer Peripheral Deals,24,1,34,10,5,0.5
5e3cd2b942ef820563534f4f,ARTICLE,5,10/30/2019 10:14,Video Game Deals,59,1,32,85,80,0.06
5e3cd2b942ef82056353501a,ARTICLE,8,10/30/2019 11:56,TV Deals,13,5,361,12,4,0.67
5e3cd2b542ef8205635347d1,ARTICLE,1,10/14/2019 19:14,PC Laptop Deals,9,1,31,2157,2156,0
5e3cd2b942ef820563534f3a,ARTICLE,1,10/30/2019 11:16,PC Laptop Deals,9,1,23,2157,2156,0
5e3cd2b642ef8205635348e5,ARTICLE,22,10/16/2019 11:55,PC Desktop & Server Deals,10,1,32,477,455,0.05
5e3cd2b642ef8205635348eb,ARTICLE,2,10/16/2019 9:36,Health & Beauty Deals,53,1,30,38,36,0.05
5e3cd2b642ef8205635348ed,ARTICLE,5,10/16/2019 9:28,Health & Beauty Deals,53,1,31,17,12,0.29
5e3cd2b842ef820563534d76,ARTICLE,14,10/23/2019 22:25,Clothing Deals,42,5,284,35,21,0.4
5e3cd2b942ef82056353502a,ARTICLE,511,10/30/2019 10:50,PC Desktop & Server Deals,10,1,31,706,195,0.72
5e3cd2b542ef82056353474a,ARTICLE,70,10/12/2019 16:55,PC Laptop Deals,9,4,155,129,59,0.54
5e3cd2b542ef8205635347d5,ARTICLE,49,10/14/2019 15:02,Kids & Toys Deals,60,4,176,70,21,0.7
5e3cd2b642ef8205635349d2,ARTICLE,20,10/19/2019 5:42,Automotive Deals,49,4,204,39,19,0.51
5e3cd2b642ef820563534b02,ARTICLE,101,10/22/2019 17:10,Cell Phone Deals,14,4,224,349,248,0.29
5e3cd2b842ef820563534d5a,ARTICLE,4,10/25/2019 8:17,Clothing Deals,42,4,152,24,20,0.17
5e3cd2b842ef820563534da3,ARTICLE,30,10/26/2019 17:11,IPad & Tablet Deals,12,4,198,299,269,0.1
5e3cd2b842ef820563534dd5,ARTICLE,50,10/26/2019 9:17,Kids & Toys Deals,60,4,180,149,99,0.34
5e3cd2b842ef820563534dd6,ARTICLE,60,10/26/2019 9:11,PC Laptop Deals,9,4,179,109,49,0.55
5e3cd2b942ef820563534f65,ARTICLE,20,10/29/2019 20:40,PC Laptop Deals,9,4,174,279,259,0.07
5e3cd2b942ef820563534fe3,ARTICLE,117,10/31/2019 7:03,TV Deals,13,4,199,548,431,0.21
5e3cd2b542ef82056353467c,ARTICLE,18,10/8/2019 11:15,"Movie, Music, Book Deals",57,4,152,65,47,0.28
5e3cd2b542ef8205635346c1,ARTICLE,69,10/9/2019 16:17,Kids & Toys Deals,60,4,272,199,130,0.35
5e3cd2b542ef82056353472f,ARTICLE,33,10/11/2019 15:55,Sports Deals,48,4,207,149,116,0.22
5e3cd2b542ef82056353478b,ARTICLE,16,10/13/2019 14:18,Kids & Toys Deals,60,4,161,79,63,0.2
5e3cd2b642ef8205635349a8,ARTICLE,13,10/18/2019 3:00,Office Deals,30,4,158,120,107,0.11
5e3cd2b642ef8205635349cd,ARTICLE,25,10/19/2019 7:50,Video Game Deals,59,4,161,175,150,0.14
5e3cd2b642ef8205635349d4,ARTICLE,90,10/19/2019 4:43,IPad & Tablet Deals,12,4,193,329,239,0.27
5e3cd2b742ef820563534bf1,ARTICLE,8,10/23/2019 8:15,Camera & Camcorder Deals,16,4,153,12,4,0.67
5e3cd2b842ef820563534e58,ARTICLE,32,10/27/2019 9:16,Video Game Deals,59,4,202,175,143,0.18
5e3cd2b942ef820563535039,ARTICLE,2,10/30/2019 6:58,Kids & Toys Deals,60,4,200,10,8,0.2
5e3cd2b542ef82056353458e,ARTICLE,3,10/3/2019 15:36,Kids & Toys Deals,60,4,222,10,7,0.3
5e3cd2b642ef820563534a07,ARTICLE,50,10/20/2019 16:12,TV Deals,13,4,205,450,400,0.11
5e3cd2b642ef820563534a09,ARTICLE,1,10/20/2019 15:48,PC Desktop & Server Deals,10,4,184,999,998,0
5e3cd2b642ef820563534a0d,ARTICLE,30,10/20/2019 14:07,Cell Phone Deals,14,4,206,200,170,0.15
5e3cd2b542ef8205635345b8,ARTICLE,35,10/4/2019 15:49,IPad & Tablet Deals,12,4,181,90,55,0.39
5e3cd2b542ef8205635345d3,ARTICLE,25,10/5/2019 6:57,Electronics Deals,18,4,229,33,8,0.76
5e3cd2b642ef8205635348f2,ARTICLE,39,10/16/2019 8:14,Mac Computer Deals,11,4,176,330,291,0.12
5e3cd2b642ef8205635349bd,ARTICLE,3,10/19/2019 16:33,Health & Beauty Deals,53,4,275,12,9,0.25
5e3cd2b642ef820563534b21,ARTICLE,12,10/22/2019 7:26,Electronics Deals,18,4,156,38,26,0.32
5e3cd2b742ef820563534c7b,ARTICLE,8,10/24/2019 17:13,Electronics Deals,18,4,189,20,12,0.4
5e3cd2b842ef820563534dab,ARTICLE,31,10/26/2019 15:17,IPad & Tablet Deals,12,4,165,168,137,0.18
5e3cd2b842ef820563534e35,ARTICLE,29,10/27/2019 22:25,Shoe Deals,43,4,170,56,27,0.52
5e3cd2b842ef820563534e4b,ARTICLE,71,10/27/2019 14:39,Cell Phone Deals,14,4,205,175,104,0.41
5e3cd2b842ef820563534edd,ARTICLE,29,10/28/2019 13:11,Shoe Deals,43,4,186,35,6,0.83
5e3cd2b842ef820563534ef6,ARTICLE,12,10/28/2019 5:44,Shoe Deals,43,4,168,33,21,0.36
5e3cd2b942ef820563534f6e,ARTICLE,105,10/29/2019 16:33,TV Deals,13,4,159,593,488,0.18
5e3cd2b542ef820563534584,ARTICLE,5,10/3/2019 20:02,Cell Phone Deals,14,4,151,175,170,0.03
5e3cd2b642ef820563534992,ARTICLE,25,10/18/2019 11:23,Cell Phone Deals,14,4,213,365,340,0.07
5e3cd2b742ef820563534c86,ARTICLE,5,10/24/2019 15:45,Electronics Deals,18,4,171,55,50,0.09
5e3cd2b842ef820563534da8,ARTICLE,5,10/26/2019 15:27,IPad & Tablet Deals,12,4,159,245,240,0.02
5e3cd2b842ef820563534dbc,ARTICLE,420,10/26/2019 12:46,Cell Phone Deals,14,4,193,630,210,0.67
5e3cd2b842ef820563534e4d,ARTICLE,3,10/27/2019 14:19,Mac Computer Deals,11,4,170,297,294,0.01
5e3cd2b842ef820563534eeb,ARTICLE,70,10/28/2019 10:29,Cell Phone Deals,14,4,290,250,180,0.28
5e3cd2b842ef820563534ef0,ARTICLE,20,10/28/2019 8:20,Cell Phone Deals,14,4,167,260,240,0.08
5e3cd2b842ef820563534efb,ARTICLE,17,10/28/2019 4:41,Shoe Deals,43,4,288,20,3,0.85
5e3cd2b942ef820563534f24,ARTICLE,7,10/30/2019 13:40,Shoe Deals,43,4,206,34,27,0.21
5e3cd2b942ef820563534f7e,ARTICLE,38,10/29/2019 14:32,Electronics Deals,18,4,186,106,68,0.36
5e3cd2b942ef820563534fab,ARTICLE,82,10/29/2019 6:31,Cell Phone Deals,14,4,174,165,83,0.5
5e3cd2b842ef820563534d6c,ARTICLE,12,10/25/2019 4:57,Shoe Deals,43,4,161,46,34,0.26
5e3cd2b942ef820563534f7c,ARTICLE,5,10/29/2019 14:37,Clothing Deals,42,4,292,10,5,0.5
5e3cd2b942ef82056353500a,ARTICLE,88,10/30/2019 14:18,TV Deals,13,4,223,160,72,0.55
5e3cd2b642ef8205635349d3,ARTICLE,30,10/19/2019 5:26,Shoe Deals,43,4,251,50,20,0.6
5e3cd2b642ef820563534951,ARTICLE,9,10/17/2019 10:03,Shoe Deals,43,4,192,31,22,0.29
5e3cd2b642ef820563534b29,ARTICLE,5,10/22/2019 5:44,Shoe Deals,43,4,260,30,25,0.17
5e3cd2b742ef820563534b95,ARTICLE,10,10/23/2019 22:37,Shoe Deals,43,4,162,30,20,0.33
5e3cd2b742ef820563534ca2,ARTICLE,12,10/24/2019 11:02,Clothing Deals,42,4,178,42,30,0.29
5e3cd2b842ef820563534eda,ARTICLE,10,10/28/2019 13:38,Clothing Deals,42,4,182,26,16,0.38
5e3cd2b742ef820563534ba2,ARTICLE,37,10/23/2019 17:04,TV Deals,13,4,154,81,44,0.46
5e3cd2b742ef820563534be7,ARTICLE,14,10/23/2019 9:19,Clothing Deals,42,4,177,58,44,0.24
5e3cd2b842ef820563534d27,ARTICLE,44,10/25/2019 14:40,Electronics Deals,18,4,228,76,32,0.58
5e3cd2b842ef820563534d31,ARTICLE,112,10/25/2019 13:24,TV Deals,13,4,199,186,74,0.6
5e3cd2b842ef820563534db4,ARTICLE,18,10/26/2019 14:22,Clothing Deals,42,4,200,20,2,0.9
5e3cd2b842ef820563534dbb,ARTICLE,5,10/26/2019 12:47,Shoe Deals,43,4,232,20,15,0.25
5e3cd2b942ef820563534fec,ARTICLE,120,10/31/2019 4:50,PC Desktop & Server Deals,10,4,191,149,29,0.81
5e3cd2b842ef820563534ef9,ARTICLE,4,10/28/2019 5:02,Electronics Deals,18,4,170,220,216,0.02
5e3cd2b942ef820563534fa4,ARTICLE,6,10/29/2019 8:52,Electronics Deals,18,4,154,12,6,0.5
5e3cd2b942ef820563535031,ARTICLE,7,10/30/2019 10:02,Clothing Deals,42,4,292,33,26,0.21
5e3cd2b642ef82056353497b,ARTICLE,7,10/18/2019 17:04,Clothing Deals,42,4,223,20,13,0.35
5e3cd2b742ef820563534bfb,ARTICLE,17,10/23/2019 5:41,Shoe Deals,43,4,161,25,8,0.68
5e3cd2b842ef820563534dd2,ARTICLE,10,10/26/2019 9:44,Clothing Deals,42,4,278,15,5,0.67
5e3cd2b842ef820563534de3,ARTICLE,5,10/26/2019 4:41,Shoe Deals,43,4,156,28,23,0.18
5e3cd2b842ef820563534ecd,ARTICLE,10,10/28/2019 14:37,Shoe Deals,43,4,188,30,20,0.33
5e3cd2b942ef820563534f4b,ARTICLE,13,10/30/2019 10:42,Clothing Deals,42,4,271,23,10,0.57
5e3cd2b942ef820563534fc3,ARTICLE,5,10/31/2019 12:39,Clothing Deals,42,4,159,10,5,0.5
5e3cd2b542ef820563534512,ARTICLE,40,10/1/2019 13:00,PC Laptop Deals,9,2,52,229,189,0.17
5e3cd2b542ef820563534515,ARTICLE,70,10/1/2019 12:57,TV Deals,13,2,59,298,228,0.23
5e3cd2b542ef82056353459a,ARTICLE,2,10/3/2019 12:33,Sports Deals,48,2,36,18,16,0.11
5e3cd2b542ef8205635345ca,ARTICLE,3,10/5/2019 15:36,Kids & Toys Deals,60,2,52,9,6,0.33
5e3cd2b542ef8205635345f1,ARTICLE,100,10/6/2019 12:35,TV Deals,13,2,48,400,300,0.25
5e3cd2b542ef82056353462d,ARTICLE,71,10/7/2019 12:59,PC Laptop Deals,9,2,61,199,128,0.36
5e3cd2b542ef820563534630,ARTICLE,110,10/7/2019 12:39,PC Laptop Deals,9,2,46,419,309,0.26
5e3cd2b542ef820563534676,ARTICLE,91,10/8/2019 12:56,TV Deals,13,2,39,210,119,0.43
5e3cd2b542ef820563534689,ARTICLE,102,10/8/2019 3:30,TV Deals,13,2,43,398,296,0.26
5e3cd2b542ef82056353468b,ARTICLE,23,10/8/2019 1:49,Kids & Toys Deals,60,2,53,125,102,0.18
5e3cd2b542ef8205635346b7,ARTICLE,20,10/9/2019 19:28,TV Deals,13,2,60,230,210,0.09
5e3cd2b542ef820563534713,ARTICLE,160,10/10/2019 8:00,TV Deals,13,2,44,340,180,0.47
5e3cd2b542ef820563534751,ARTICLE,170,10/12/2019 12:43,TV Deals,13,2,40,220,50,0.77
5e3cd2b542ef820563534754,ARTICLE,8,10/12/2019 11:50,Kids & Toys Deals,60,2,53,20,12,0.4
5e3cd2b542ef820563534791,ARTICLE,65,10/13/2019 12:24,TV Deals,13,2,38,208,143,0.31
5e3cd2b542ef820563534793,ARTICLE,314,10/13/2019 11:12,TV Deals,13,2,38,430,116,0.73
5e3cd2b542ef820563534797,ARTICLE,300,10/13/2019 8:07,PC Laptop Deals,9,2,56,999,699,0.3
5e3cd2b542ef8205635347db,ARTICLE,4,10/14/2019 14:43,Kids & Toys Deals,60,2,40,16,12,0.25
5e3cd2b542ef8205635347dd,ARTICLE,27,10/14/2019 14:02,Kids & Toys Deals,60,2,60,40,13,0.68
5e3cd2b642ef8205635348d6,ARTICLE,12,10/16/2019 13:11,Sports Deals,48,2,44,33,21,0.36
5e3cd2b642ef8205635348db,ARTICLE,11,10/16/2019 12:37,Cell Phone Deals,14,2,41,250,239,0.04
5e3cd2b642ef82056353494a,ARTICLE,110,10/17/2019 11:36,TV Deals,13,2,43,170,60,0.65
5e3cd2b642ef820563534957,ARTICLE,30,10/17/2019 9:09,TV Deals,13,2,41,100,70,0.3
5e3cd2b642ef8205635349a4,ARTICLE,50,10/18/2019 4:24,TV Deals,13,2,50,230,180,0.22
5e3cd2b642ef8205635349a6,ARTICLE,3,10/18/2019 3:21,Food & Drink Deals,54,2,57,10,7,0.3
5e3cd2b642ef8205635349c3,ARTICLE,10,10/19/2019 12:39,TV Deals,13,2,40,380,370,0.03
5e3cd2b642ef8205635349c5,ARTICLE,10,10/19/2019 11:59,TV Deals,13,2,45,190,180,0.05
5e3cd2b642ef820563534a11,ARTICLE,230,10/20/2019 11:45,PC Laptop Deals,9,2,49,730,500,0.32
5e3cd2b642ef820563534a12,ARTICLE,101,10/20/2019 11:20,Kids & Toys Deals,60,2,48,148,47,0.68
5e3cd2b642ef820563534a59,ARTICLE,50,10/21/2019 19:00,TV Deals,13,2,53,200,150,0.25
5e3cd2b642ef820563534a83,ARTICLE,151,10/21/2019 3:22,TV Deals,13,2,44,250,99,0.6
5e3cd2b642ef820563534a84,ARTICLE,214,10/21/2019 2:43,TV Deals,13,2,51,262,48,0.82
5e3cd2b642ef820563534b06,ARTICLE,130,10/22/2019 13:33,IPad & Tablet Deals,12,2,51,429,299,0.3
5e3cd2b642ef820563534b13,ARTICLE,4,10/22/2019 11:22,Automotive Deals,49,2,60,5,1,0.8
5e3cd2b742ef820563534bb9,ARTICLE,110,10/23/2019 14:20,TV Deals,13,2,59,750,640,0.15
5e3cd2b742ef820563534bcd,ARTICLE,51,10/23/2019 11:12,Cell Phone Deals,14,2,51,249,198,0.2
5e3cd2b742ef820563534c02,ARTICLE,168,10/23/2019 3:45,TV Deals,13,2,56,260,92,0.65
5e3cd2b742ef820563534c8a,ARTICLE,10,10/24/2019 14:34,Kids & Toys Deals,60,2,58,169,159,0.06
5e3cd2b842ef820563534d42,ARTICLE,50,10/25/2019 11:46,Kids & Toys Deals,60,2,56,99,49,0.51
5e3cd2b842ef820563534dd7,ARTICLE,92,10/26/2019 8:57,TV Deals,13,2,54,208,116,0.44
5e3cd2b842ef820563534e44,ARTICLE,80,10/27/2019 16:28,TV Deals,13,2,41,298,218,0.27
5e3cd2b842ef820563534e8f,ARTICLE,2,10/29/2019 11:54,Kids & Toys Deals,60,2,62,5,3,0.4
5e3cd2b842ef820563534ec2,ARTICLE,70,10/28/2019 15:03,PC Laptop Deals,9,2,46,99,29,0.71
5e3cd2b842ef820563534eca,ARTICLE,80,10/28/2019 14:57,PC Laptop Deals,9,2,36,269,189,0.3
5e3cd2b842ef820563534ed5,ARTICLE,20,10/28/2019 14:25,PC Laptop Deals,9,2,52,149,129,0.13
5e3cd2b842ef820563534ef8,ARTICLE,16,10/28/2019 5:35,Automotive Deals,49,2,51,21,5,0.76
5e3cd2b942ef820563534f86,ARTICLE,699,10/29/2019 12:57,TV Deals,13,2,65,2000,1301,0.35
5e3cd2b942ef820563534faa,ARTICLE,214,10/29/2019 6:32,TV Deals,13,2,52,262,48,0.82
5e3cd2b942ef820563534fbd,ARTICLE,50,10/31/2019 14:13,TV Deals,13,2,64,350,300,0.14
5e3cd2b942ef820563535000,ARTICLE,25,10/30/2019 15:25,IPad & Tablet Deals,12,2,45,45,20,0.56
5e3cd2b942ef82056353503e,ARTICLE,130,10/30/2019 5:13,IPad & Tablet Deals,12,2,51,429,299,0.3
5e3cd2b542ef8205635344ea,ARTICLE,3,9/30/2019 8:26,Electronics Deals,18,2,46,70,67,0.04
5e3cd2b542ef820563534516,ARTICLE,50,10/1/2019 12:46,PC Laptop Deals,9,2,47,229,179,0.22
5e3cd2b542ef820563534525,ARTICLE,14,10/1/2019 9:38,Kids & Toys Deals,60,2,45,17,3,0.82
5e3cd2b542ef820563534598,ARTICLE,11,10/3/2019 12:58,Health & Beauty Deals,53,2,60,13,2,0.85
5e3cd2b542ef820563534599,ARTICLE,7,10/3/2019 12:52,Sports Deals,48,2,52,178,171,0.04
5e3cd2b542ef8205635345a4,ARTICLE,40,10/3/2019 3:04,TV Deals,13,2,57,240,200,0.17
5e3cd2b542ef820563534631,ARTICLE,5,10/7/2019 12:29,IPad & Tablet Deals,12,2,46,35,30,0.14
5e3cd2b542ef82056353467d,ARTICLE,5,10/8/2019 11:14,"Movie, Music, Book Deals",57,2,57,29,24,0.17
5e3cd2b542ef82056353472c,ARTICLE,5,10/11/2019 17:22,Kids & Toys Deals,60,2,60,51,46,0.1
5e3cd2b542ef82056353474f,ARTICLE,5,10/12/2019 14:57,Kids & Toys Deals,60,2,54,30,25,0.17
5e3cd2b542ef820563534752,ARTICLE,25,10/12/2019 12:26,Kids & Toys Deals,60,2,34,149,124,0.17
5e3cd2b542ef820563534755,ARTICLE,15,10/12/2019 8:49,Kids & Toys Deals,60,2,52,40,25,0.38
5e3cd2b542ef82056353478f,ARTICLE,25,10/13/2019 13:57,Kids & Toys Deals,60,2,48,37,12,0.68
5e3cd2b542ef820563534790,ARTICLE,40,10/13/2019 13:25,Health & Beauty Deals,53,2,56,230,190,0.17
5e3cd2b542ef8205635347d3,ARTICLE,1,10/14/2019 17:31,Kids & Toys Deals,60,2,61,7,6,0.14
5e3cd2b542ef8205635347d7,ARTICLE,30,10/14/2019 14:51,PC Laptop Deals,9,2,43,159,129,0.19
5e3cd2b542ef8205635347da,ARTICLE,6,10/14/2019 14:48,Automotive Deals,49,2,48,24,18,0.25
5e3cd2b542ef8205635347e8,ARTICLE,41,10/14/2019 8:05,TV Deals,13,2,37,129,88,0.32
5e3cd2b642ef8205635348c3,ARTICLE,21,10/16/2019 14:52,Kids & Toys Deals,60,2,44,65,44,0.32
5e3cd2b642ef8205635348c9,ARTICLE,11,10/16/2019 14:13,Kids & Toys Deals,60,2,36,39,28,0.28
5e3cd2b642ef8205635348df,ARTICLE,5,10/16/2019 12:26,Health & Beauty Deals,53,2,52,18,13,0.28
5e3cd2b642ef820563534958,ARTICLE,58,10/17/2019 8:58,TV Deals,13,2,47,240,182,0.24
5e3cd2b642ef8205635349a7,ARTICLE,9,10/18/2019 3:18,Kids & Toys Deals,60,2,48,10,1,0.9
5e3cd2b642ef8205635349c1,ARTICLE,17,10/19/2019 13:30,Computer Peripheral Deals,24,2,49,115,98,0.15
5e3cd2b642ef820563534b11,ARTICLE,3,10/22/2019 11:25,Automotive Deals,49,2,49,8,5,0.38
5e3cd2b642ef820563534b1a,ARTICLE,3,10/22/2019 9:57,TV Deals,13,2,34,196,193,0.02
5e3cd2b642ef820563534b2a,ARTICLE,46,10/22/2019 5:40,Computer Peripheral Deals,24,2,39,90,44,0.51
5e3cd2b742ef820563534bc2,ARTICLE,15,10/23/2019 13:20,Automotive Deals,49,2,49,70,55,0.21
5e3cd2b742ef820563534c00,ARTICLE,70,10/23/2019 3:52,Electronics Deals,18,2,62,229,159,0.31
5e3cd2b742ef820563534c72,ARTICLE,7,10/24/2019 20:53,Sports Deals,48,2,51,26,19,0.27
5e3cd2b742ef820563534c87,ARTICLE,10,10/24/2019 15:39,Kids & Toys Deals,60,2,45,40,30,0.25
5e3cd2b842ef820563534e4c,ARTICLE,11,10/27/2019 14:38,Kids & Toys Deals,60,2,63,55,44,0.2
5e3cd2b842ef820563534e53,ARTICLE,22,10/27/2019 11:53,Computer Peripheral Deals,24,2,47,115,93,0.19
5e3cd2b842ef820563534ece,ARTICLE,98,10/28/2019 14:37,Sports Deals,48,2,58,699,601,0.14
5e3cd2b942ef820563534fa9,ARTICLE,7,10/29/2019 6:46,Sports Deals,48,2,48,40,33,0.18
5e3cd2b542ef82056353450f,ARTICLE,5,10/1/2019 13:40,Clothing Deals,42,2,46,10,5,0.5
5e3cd2b542ef820563534794,ARTICLE,8,10/13/2019 10:46,Kids & Toys Deals,60,2,46,35,27,0.23
5e3cd2b642ef8205635349a9,ARTICLE,19,10/18/2019 1:32,Kids & Toys Deals,60,2,34,40,21,0.48
5e3cd2b642ef8205635349c6,ARTICLE,28,10/19/2019 11:52,IPad & Tablet Deals,12,2,54,459,431,0.06
5e3cd2b642ef820563534b12,ARTICLE,6,10/22/2019 11:25,Computer Peripheral Deals,24,2,38,143,137,0.04
5e3cd2b642ef82056353494d,ARTICLE,5,10/17/2019 10:59,Shoe Deals,43,2,52,24,19,0.21
5e3cd2b942ef82056353500f,ARTICLE,19,10/30/2019 13:50,Clothing Deals,42,2,57,61,42,0.31
5e3cd2b742ef820563534c82,ARTICLE,2,10/24/2019 15:59,Video Game Deals,59,2,45,35,33,0.06
5e3cd2b542ef8205635344d8,ARTICLE,5,9/30/2019 18:01,Video Game Deals,59,2,41,65,60,0.08
5e3cd2b542ef820563534557,ARTICLE,10,10/2/2019 17:16,Kids & Toys Deals,60,2,53,70,60,0.14
5e3cd2b542ef820563534585,ARTICLE,11,10/3/2019 19:31,Electronics Deals,18,2,56,58,47,0.19
5e3cd2b542ef8205635346f4,ARTICLE,10,10/10/2019 14:57,Electronics Deals,18,2,60,13,3,0.77
5e3cd2b542ef8205635346f7,ARTICLE,12,10/10/2019 14:48,Electronics Deals,18,2,37,20,8,0.6
5e3cd2b542ef8205635346fa,ARTICLE,30,10/10/2019 14:11,Storage Deals,20,2,57,80,50,0.38
5e3cd2b542ef82056353470d,ARTICLE,6,10/10/2019 10:52,Video Game Deals,59,2,46,45,39,0.13
5e3cd2b642ef8205635348ba,ARTICLE,29,10/16/2019 16:08,Electronics Deals,18,2,35,100,71,0.29
5e3cd2b642ef82056353497e,ARTICLE,35,10/18/2019 14:55,Storage Deals,20,2,61,55,20,0.64
5e3cd2b642ef82056353499e,ARTICLE,10,10/18/2019 7:28,Clothing Deals,42,2,61,94,84,0.11
5e3cd2b642ef820563534b07,ARTICLE,8,10/22/2019 13:16,Electronics Deals,18,2,57,20,12,0.4
5e3cd2b742ef820563534ba6,ARTICLE,4,10/23/2019 16:29,Camera & Camcorder Deals,16,2,51,20,16,0.2
5e3cd2b742ef820563534c7f,ARTICLE,20,10/24/2019 16:57,Kids & Toys Deals,60,2,53,60,40,0.33
5e3cd2b742ef820563534c8e,ARTICLE,10,10/24/2019 14:19,Electronics Deals,18,2,63,40,30,0.25
5e3cd2b742ef820563534cb7,ARTICLE,120,10/24/2019 8:10,Mac Computer Deals,11,2,58,460,340,0.26
5e3cd2b842ef820563534e63,ARTICLE,12,10/29/2019 18:11,Video Game Deals,59,2,61,30,18,0.4
5e3cd2b842ef820563534ec4,ARTICLE,15,10/28/2019 15:00,Electronics Deals,18,2,56,35,20,0.43
5e3cd2b942ef820563534fd1,ARTICLE,6,10/31/2019 10:45,Electronics Deals,18,2,60,17,11,0.35
5e3cd2b542ef82056353451d,ARTICLE,96,10/1/2019 11:25,PC Laptop Deals,9,2,35,110,14,0.87
5e3cd2b542ef82056353472d,ARTICLE,50,10/11/2019 16:16,PC Laptop Deals,9,2,58,270,220,0.19
5e3cd2b642ef820563534a7e,ARTICLE,5,10/21/2019 7:29,TV Deals,13,2,48,10,5,0.5
5e3cd2b742ef820563534c95,ARTICLE,3,10/24/2019 12:49,Electronics Deals,18,2,55,46,43,0.07
5e3cd2b842ef820563534d2b,ARTICLE,15,10/25/2019 14:25,Electronics Deals,18,2,61,59,44,0.25
5e3cd2b842ef820563534ed6,ARTICLE,155,10/28/2019 14:23,IPad & Tablet Deals,12,2,53,649,494,0.24
5e3cd2b942ef820563534fd3,ARTICLE,144,10/31/2019 10:11,Cell Phone Deals,14,2,64,405,261,0.36
5e3cd2b542ef8205635346d2,ARTICLE,32,10/9/2019 9:10,Clothing Deals,42,2,39,57,25,0.56
5e3cd2b542ef8205635347d4,ARTICLE,472,10/14/2019 17:08,PC Laptop Deals,9,2,46,569,97,0.83
5e3cd2b642ef8205635349cf,ARTICLE,200,10/19/2019 6:57,TV Deals,13,2,55,998,798,0.2
5e3cd2b942ef820563534f61,ARTICLE,554,10/30/2019 5:06,PC Laptop Deals,9,2,46,659,105,0.84
5e3cd2b942ef820563534fac,ARTICLE,648,10/29/2019 5:49,PC Laptop Deals,9,2,51,779,131,0.83
5e3cd2b742ef820563534cc4,ARTICLE,20,10/24/2019 2:56,Clothing Deals,42,2,59,35,15,0.57
5e3cd2b542ef820563534570,ARTICLE,17,10/2/2019 7:09,Shoe Deals,43,2,41,42,25,0.4
5e3cd2b542ef8205635345be,ARTICLE,11,10/4/2019 12:55,Shoe Deals,43,2,55,36,25,0.31
5e3cd2b542ef8205635346cf,ARTICLE,9,10/9/2019 11:05,IPad & Tablet Deals,12,2,49,550,541,0.02
5e3cd2b542ef8205635347f8,ARTICLE,23,10/14/2019 3:02,Clothing Deals,42,2,49,45,22,0.51
5e3cd2b642ef820563534a57,ARTICLE,7,10/21/2019 23:57,Clothing Deals,42,2,60,30,23,0.23
5e3cd2b642ef820563534b00,ARTICLE,554,10/22/2019 17:39,PC Laptop Deals,9,2,63,659,105,0.84
5e3cd2b742ef820563534cc2,ARTICLE,146,10/24/2019 4:22,Computer Peripheral Deals,24,2,45,850,704,0.17
5e3cd2b942ef820563534f6b,ARTICLE,250,10/29/2019 17:42,Mac Computer Deals,11,2,64,1049,799,0.24
5e3cd2b642ef820563534a75,ARTICLE,421,10/21/2019 10:54,PC Laptop Deals,9,2,40,549,128,0.77
5e3cd2b642ef820563534a77,ARTICLE,648,10/21/2019 10:49,Computer Peripheral Deals,24,2,61,779,131,0.83
5e3cd2b642ef820563534b33,ARTICLE,34,10/22/2019 3:37,Electronics Deals,18,2,58,50,16,0.68
5e3cd2b842ef820563534d5c,ARTICLE,10,10/25/2019 8:05,Storage Deals,20,2,59,130,120,0.08
5e3cd2b942ef820563534f94,ARTICLE,421,10/29/2019 10:50,PC Laptop Deals,9,2,52,549,128,0.77
5e3cd2b942ef820563535032,ARTICLE,7,10/30/2019 9:36,Electronics Deals,18,2,47,27,20,0.26
5e3cd2b842ef820563534efa,ARTICLE,2,10/28/2019 4:45,TV Deals,13,2,49,4849,4847,0
5e3cd2b842ef820563534d38,ARTICLE,6,10/25/2019 12:42,TV Deals,13,2,45,192,186,0.03
5e3cd2b642ef8205635348ce,ARTICLE,5,10/16/2019 13:55,Clothing Deals,42,2,43,15,10,0.33
5e3cd2b642ef8205635348f3,ARTICLE,6,10/16/2019 6:51,Clothing Deals,42,2,45,14,8,0.43
5e3cd2b942ef820563534f98,ARTICLE,2,10/29/2019 10:33,Clothing Deals,42,2,63,10,8,0.2
5e3cd2b942ef820563535033,ARTICLE,3,10/30/2019 9:27,Sports Deals,48,2,59,30,27,0.1
5e3cd2b542ef820563534556,ARTICLE,14,10/2/2019 17:39,Gifts & Jewelry Deals,52,2,44,40,26,0.35
5e3cd2b542ef82056353467e,ARTICLE,24,10/8/2019 9:22,Clothing Deals,42,2,52,44,20,0.55
5e3cd2b542ef8205635346ba,ARTICLE,12,10/9/2019 17:46,Shoe Deals,43,2,54,28,16,0.43
5e3cd2b542ef8205635347d0,ARTICLE,53,10/14/2019 19:47,PC Desktop & Server Deals,10,2,44,706,653,0.08
5e3cd2b542ef8205635347d2,ARTICLE,285,10/14/2019 18:23,PC Desktop & Server Deals,10,2,37,529,244,0.54
5e3cd2b542ef820563534861,ARTICLE,11,10/15/2019 10:37,Shoe Deals,43,2,54,25,14,0.44
5e3cd2b642ef8205635348ea,ARTICLE,11,10/16/2019 10:23,Health & Beauty Deals,53,2,47,21,10,0.52
5e3cd2b642ef8205635348f0,ARTICLE,8,10/16/2019 8:44,Kids & Toys Deals,60,2,61,47,39,0.17
5e3cd2b642ef820563534933,ARTICLE,290,10/17/2019 16:53,PC Desktop & Server Deals,10,2,38,1000,710,0.29
5e3cd2b642ef820563534935,ARTICLE,410,10/17/2019 15:57,PC Laptop Deals,9,2,46,1600,1190,0.26
5e3cd2b642ef820563534b01,ARTICLE,40,10/22/2019 17:38,Computer Peripheral Deals,24,2,57,350,310,0.11
5e3cd2b642ef820563534b23,ARTICLE,10,10/22/2019 7:03,Software Deals,28,2,35,40,30,0.25
5e3cd2b742ef820563534bcf,ARTICLE,215,10/23/2019 10:58,PC Laptop Deals,9,2,62,549,334,0.39
5e3cd2b842ef820563534d56,ARTICLE,7,10/25/2019 9:19,Sports Deals,48,2,63,14,7,0.5
5e3cd2b842ef820563534dc5,ARTICLE,4,10/26/2019 11:08,Clothing Deals,42,2,63,7,3,0.57
5e3cd2b842ef820563534dc8,ARTICLE,17,10/26/2019 10:43,Office Deals,30,2,41,30,13,0.57
5e3cd2b942ef820563534f93,ARTICLE,290,10/29/2019 11:01,PC Desktop & Server Deals,10,2,50,1000,710,0.29
5e3cd2b942ef820563534fba,ARTICLE,14,10/31/2019 15:18,Shipping Coupons,65,2,62,16,2,0.88
5e3cd2b542ef820563534510,ARTICLE,2,10/1/2019 13:34,Clothing Deals,42,3,62,10,8,0.2
5e3cd2b542ef820563534554,ARTICLE,2,10/2/2019 20:48,Clothing Deals,42,3,77,10,8,0.2
5e3cd2b542ef820563534561,ARTICLE,20,10/2/2019 11:55,Computer Peripheral Deals,24,3,67,60,40,0.33
5e3cd2b542ef820563534590,ARTICLE,5,10/3/2019 15:20,Video Game Deals,59,3,139,20,15,0.25
5e3cd2b542ef820563534591,ARTICLE,14,10/3/2019 14:58,Kids & Toys Deals,60,3,71,56,42,0.25
5e3cd2b542ef8205635345cf,ARTICLE,171,10/5/2019 9:48,PC Laptop Deals,9,3,99,529,358,0.32
5e3cd2b542ef8205635345f4,ARTICLE,92,10/6/2019 8:27,TV Deals,13,3,61,208,116,0.44
5e3cd2b542ef82056353462b,ARTICLE,6,10/7/2019 13:29,Clothing Deals,42,3,116,7,1,0.86
5e3cd2b542ef82056353462f,ARTICLE,100,10/7/2019 12:40,Cell Phone Deals,14,3,69,449,349,0.22
5e3cd2b542ef820563534636,ARTICLE,6,10/7/2019 9:36,Electronics Deals,18,3,72,21,15,0.29
5e3cd2b542ef820563534687,ARTICLE,151,10/8/2019 6:20,TV Deals,13,3,68,538,387,0.28
5e3cd2b542ef82056353468a,ARTICLE,79,10/8/2019 2:46,PC Laptop Deals,9,3,63,250,171,0.32
5e3cd2b542ef8205635346c9,ARTICLE,15,10/9/2019 13:20,Automotive Deals,49,3,68,65,50,0.23
5e3cd2b542ef82056353474d,ARTICLE,150,10/12/2019 15:18,TV Deals,13,3,73,448,298,0.33
5e3cd2b542ef820563534798,ARTICLE,300,10/13/2019 8:06,PC Laptop Deals,9,3,94,599,299,0.5
5e3cd2b542ef8205635347de,ARTICLE,1,10/14/2019 13:45,Automotive Deals,49,3,71,10,9,0.1
5e3cd2b542ef8205635347e5,ARTICLE,35,10/14/2019 9:06,Electronics Deals,18,3,89,109,74,0.32
5e3cd2b542ef8205635347ef,ARTICLE,25,10/14/2019 7:02,Electronics Deals,18,3,73,110,85,0.23
5e3cd2b542ef820563534878,ARTICLE,20,10/15/2019 5:08,Kids & Toys Deals,60,3,81,160,140,0.12
5e3cd2b642ef8205635348bb,ARTICLE,49,10/16/2019 15:43,TV Deals,13,3,78,445,396,0.11
5e3cd2b642ef8205635348de,ARTICLE,76,10/16/2019 12:27,Sports Deals,48,3,73,99,23,0.77
5e3cd2b642ef8205635348e0,ARTICLE,62,10/16/2019 12:24,Cell Phone Deals,14,3,100,178,116,0.35
5e3cd2b642ef8205635348e2,ARTICLE,90,10/16/2019 12:13,Kids & Toys Deals,60,3,70,160,70,0.56
5e3cd2b642ef8205635348e4,ARTICLE,20,10/16/2019 12:07,Kids & Toys Deals,60,3,111,310,290,0.06
5e3cd2b642ef8205635348e6,ARTICLE,181,10/16/2019 11:24,Sports Deals,48,3,67,499,318,0.36
5e3cd2b642ef82056353493b,ARTICLE,80,10/17/2019 14:22,PC Laptop Deals,9,3,129,119,39,0.67
5e3cd2b642ef82056353493f,ARTICLE,298,10/17/2019 14:13,TV Deals,13,3,97,500,202,0.6
5e3cd2b642ef820563534940,ARTICLE,2,10/17/2019 14:07,Clothing Deals,42,3,89,13,11,0.15
5e3cd2b642ef820563534988,ARTICLE,30,10/18/2019 13:47,Cell Phone Deals,14,3,90,99,69,0.3
5e3cd2b642ef82056353499f,ARTICLE,10,10/18/2019 7:21,Sports Deals,48,3,72,69,59,0.14
5e3cd2b642ef8205635349a2,ARTICLE,248,10/18/2019 6:41,TV Deals,13,3,70,550,302,0.45
5e3cd2b642ef8205635349cc,ARTICLE,249,10/19/2019 10:16,IPad & Tablet Deals,12,3,102,1100,851,0.23
5e3cd2b642ef8205635349ce,ARTICLE,2,10/19/2019 7:44,Electronics Deals,18,3,140,189,187,0.01
5e3cd2b642ef8205635349d1,ARTICLE,391,10/19/2019 6:32,Kids & Toys Deals,60,3,111,799,408,0.49
5e3cd2b642ef820563534a10,ARTICLE,15,10/20/2019 12:00,Sports Deals,48,3,75,125,110,0.12
5e3cd2b642ef820563534a13,ARTICLE,80,10/20/2019 11:11,PC Laptop Deals,9,3,77,169,89,0.47
5e3cd2b642ef820563534a63,ARTICLE,10,10/21/2019 14:49,TV Deals,13,3,71,330,320,0.03
5e3cd2b642ef820563534a67,ARTICLE,13,10/21/2019 13:30,PC Laptop Deals,9,3,104,70,57,0.19
5e3cd2b642ef820563534a6f,ARTICLE,5,10/21/2019 11:46,Electronics Deals,18,3,81,7,2,0.71
5e3cd2b642ef820563534a71,ARTICLE,15,10/21/2019 11:37,Office Deals,30,3,73,35,20,0.43
5e3cd2b642ef820563534a7b,ARTICLE,3,10/21/2019 8:56,Sale Events,61,3,97,9,6,0.33
5e3cd2b642ef820563534b36,ARTICLE,250,10/22/2019 2:28,TV Deals,13,3,77,550,300,0.45
5e3cd2b742ef820563534baf,ARTICLE,30,10/23/2019 14:35,Kids & Toys Deals,60,3,138,117,87,0.26
5e3cd2b742ef820563534bd7,ARTICLE,70,10/23/2019 10:28,Sports Deals,48,3,117,99,29,0.71
5e3cd2b742ef820563534bd8,ARTICLE,10,10/23/2019 10:26,Electronics Deals,18,3,81,20,10,0.5
5e3cd2b742ef820563534bed,ARTICLE,12,10/23/2019 8:43,Automotive Deals,49,3,66,48,36,0.25
5e3cd2b742ef820563534cbb,ARTICLE,150,10/24/2019 5:35,PC Laptop Deals,9,3,93,399,249,0.38
5e3cd2b842ef820563534d0f,ARTICLE,120,10/25/2019 17:53,PC Laptop Deals,9,3,106,329,209,0.36
5e3cd2b842ef820563534d33,ARTICLE,2,10/25/2019 13:14,Kids & Toys Deals,60,3,114,14,12,0.14
5e3cd2b842ef820563534d3c,ARTICLE,20,10/25/2019 12:22,TV Deals,13,3,106,280,260,0.07
5e3cd2b842ef820563534d3d,ARTICLE,21,10/25/2019 12:18,PC Laptop Deals,9,3,72,599,578,0.04
5e3cd2b842ef820563534d45,ARTICLE,150,10/25/2019 11:41,PC Laptop Deals,9,3,79,299,149,0.5
5e3cd2b842ef820563534d4d,ARTICLE,20,10/25/2019 10:59,TV Deals,13,3,72,299,279,0.07
5e3cd2b842ef820563534d4e,ARTICLE,20,10/25/2019 10:58,IPad & Tablet Deals,12,3,78,329,309,0.06
5e3cd2b842ef820563534d5d,ARTICLE,50,10/25/2019 7:33,PC Laptop Deals,9,3,71,199,149,0.25
5e3cd2b842ef820563534d5f,ARTICLE,20,10/25/2019 7:29,TV Deals,13,3,65,380,360,0.05
5e3cd2b842ef820563534d71,ARTICLE,19,10/25/2019 1:50,Kids & Toys Deals,60,3,95,99,80,0.19
5e3cd2b842ef820563534da7,ARTICLE,25,10/26/2019 15:33,TV Deals,13,3,77,220,195,0.11
5e3cd2b842ef820563534dcb,ARTICLE,20,10/26/2019 10:16,Sports Deals,48,3,91,119,99,0.17
5e3cd2b842ef820563534dcc,ARTICLE,2,10/26/2019 10:11,Electronics Deals,18,3,82,58,56,0.03
5e3cd2b842ef820563534dd4,ARTICLE,82,10/26/2019 9:21,TV Deals,13,3,64,368,286,0.22
5e3cd2b842ef820563534dd8,ARTICLE,96,10/26/2019 8:49,PC Laptop Deals,9,3,76,529,433,0.18
5e3cd2b842ef820563534dd9,ARTICLE,2,10/26/2019 8:45,TV Deals,13,3,65,40,38,0.05
5e3cd2b842ef820563534ddb,ARTICLE,130,10/26/2019 8:29,PC Laptop Deals,9,3,97,269,139,0.48
5e3cd2b842ef820563534ddc,ARTICLE,218,10/26/2019 8:18,TV Deals,13,3,111,480,262,0.45
5e3cd2b842ef820563534e40,ARTICLE,21,10/27/2019 17:47,Automotive Deals,49,3,118,39,18,0.54
5e3cd2b842ef820563534e43,ARTICLE,150,10/27/2019 16:33,TV Deals,13,3,82,448,298,0.33
5e3cd2b842ef820563534e51,ARTICLE,2,10/27/2019 12:45,Electronics Deals,18,3,126,189,187,0.01
5e3cd2b842ef820563534ebe,ARTICLE,200,10/28/2019 16:13,PC Laptop Deals,9,3,86,549,349,0.36
5e3cd2b842ef820563534ebf,ARTICLE,20,10/28/2019 15:25,TV Deals,13,3,99,300,280,0.07
5e3cd2b842ef820563534ec0,ARTICLE,220,10/28/2019 15:23,Kids & Toys Deals,60,3,68,279,59,0.79
5e3cd2b842ef820563534ec9,ARTICLE,20,10/28/2019 14:57,TV Deals,13,3,73,530,510,0.04
5e3cd2b842ef820563534ed9,ARTICLE,8,10/28/2019 13:57,Kids & Toys Deals,60,3,67,41,33,0.2
5e3cd2b842ef820563534ee4,ARTICLE,370,10/28/2019 12:33,TV Deals,13,3,85,530,160,0.7
5e3cd2b942ef820563534f9c,ARTICLE,200,10/29/2019 10:23,PC Laptop Deals,9,3,85,399,199,0.5
5e3cd2b942ef820563534fbe,ARTICLE,6,10/31/2019 14:10,Clothing Deals,42,3,118,9,3,0.67
5e3cd2b942ef820563534fc4,ARTICLE,200,10/31/2019 12:35,TV Deals,13,3,103,1198,998,0.17
5e3cd2b942ef820563534fe1,ARTICLE,35,10/31/2019 7:30,TV Deals,13,3,146,260,225,0.13
5e3cd2b942ef820563535002,ARTICLE,70,10/30/2019 15:20,Electronics Deals,18,3,103,219,149,0.32
5e3cd2b942ef820563535005,ARTICLE,0.75,10/30/2019 14:59,Clothing Deals,42,3,92,12,11.25,0.06
5e3cd2b942ef820563535009,ARTICLE,204,10/30/2019 14:33,Kids & Toys Deals,60,3,93,500,296,0.41
5e3cd2b942ef82056353500d,ARTICLE,150,10/30/2019 14:08,TV Deals,13,3,76,400,250,0.38
5e3cd2b942ef82056353502d,ARTICLE,2,10/30/2019 10:46,Automotive Deals,49,3,138,6,4,0.33
5e3cd2b542ef8205635344e3,ARTICLE,5,9/30/2019 11:28,Kids & Toys Deals,60,3,95,15,10,0.33
5e3cd2b542ef82056353450c,ARTICLE,24,10/1/2019 14:18,Sports Deals,48,3,66,119,95,0.2
5e3cd2b542ef820563534562,ARTICLE,10,10/2/2019 11:31,IPad & Tablet Deals,12,3,62,88,78,0.11
5e3cd2b542ef820563534563,ARTICLE,18,10/2/2019 11:30,Automotive Deals,49,3,110,21,3,0.86
5e3cd2b542ef820563534565,ARTICLE,3,10/2/2019 11:15,Automotive Deals,49,3,123,6,3,0.5
5e3cd2b542ef820563534567,ARTICLE,8,10/2/2019 11:02,Automotive Deals,49,3,69,39,31,0.21
5e3cd2b542ef820563534596,ARTICLE,35,10/3/2019 14:13,Sports Deals,48,3,73,126,91,0.28
5e3cd2b542ef820563534597,ARTICLE,34,10/3/2019 13:20,Sports Deals,48,3,63,119,85,0.29
5e3cd2b542ef8205635345ce,ARTICLE,3,10/5/2019 10:33,Clothing Deals,42,3,100,25,22,0.12
5e3cd2b542ef8205635345d0,ARTICLE,11,10/5/2019 9:30,Sports Deals,48,3,98,44,33,0.25
5e3cd2b542ef8205635345ef,ARTICLE,96,10/6/2019 17:12,Electronics Deals,18,3,131,179,83,0.54
5e3cd2b542ef82056353462a,ARTICLE,7,10/7/2019 13:44,Clothing Deals,42,3,95,14,7,0.5
5e3cd2b542ef820563534672,ARTICLE,14,10/8/2019 13:47,Sports Deals,48,3,83,100,86,0.14
5e3cd2b542ef820563534673,ARTICLE,11,10/8/2019 13:20,Electronics Deals,18,3,81,39,28,0.28
5e3cd2b542ef820563534674,ARTICLE,10,10/8/2019 13:18,Kids & Toys Deals,60,3,77,13,3,0.77
5e3cd2b542ef820563534675,ARTICLE,12,10/8/2019 12:56,Sports Deals,48,3,96,30,18,0.4
5e3cd2b542ef8205635346f2,ARTICLE,51,10/10/2019 17:13,Kids & Toys Deals,60,3,109,199,148,0.26
5e3cd2b542ef820563534707,ARTICLE,4,10/10/2019 11:50,Electronics Deals,18,3,104,30,26,0.13
5e3cd2b542ef820563534728,ARTICLE,13,10/11/2019 19:43,Kids & Toys Deals,60,3,100,43,30,0.3
5e3cd2b542ef820563534737,ARTICLE,90,10/11/2019 2:57,Sports Deals,48,3,113,159,69,0.57
5e3cd2b542ef8205635347cb,ARTICLE,7,10/14/2019 22:56,Sports Deals,48,3,91,8,1,0.88
5e3cd2b542ef8205635347d6,ARTICLE,35,10/14/2019 14:52,Kids & Toys Deals,60,3,104,200,165,0.18
5e3cd2b542ef820563534859,ARTICLE,4,10/15/2019 13:00,Clothing Deals,42,3,70,12,8,0.33
5e3cd2b642ef8205635348c8,ARTICLE,6,10/16/2019 14:20,Kids & Toys Deals,60,3,81,49,43,0.12
5e3cd2b642ef820563534981,ARTICLE,34,10/18/2019 14:44,Automotive Deals,49,3,83,54,20,0.63
5e3cd2b642ef8205635349c0,ARTICLE,6,10/19/2019 13:51,Storage Deals,20,3,88,34,28,0.18
5e3cd2b642ef8205635349c8,ARTICLE,23,10/19/2019 11:19,Sports Deals,48,3,119,277,254,0.08
5e3cd2b642ef8205635349c9,ARTICLE,10,10/19/2019 11:13,Automotive Deals,49,3,117,17,7,0.59
5e3cd2b642ef820563534a06,ARTICLE,61,10/20/2019 16:33,Sports Deals,48,3,74,249,188,0.24
5e3cd2b642ef820563534a08,ARTICLE,5,10/20/2019 16:08,Kids & Toys Deals,60,3,139,43,38,0.12
5e3cd2b642ef820563534a0a,ARTICLE,35,10/20/2019 15:40,Kids & Toys Deals,60,3,75,65,30,0.54
5e3cd2b642ef820563534a66,ARTICLE,65,10/21/2019 13:37,IPad & Tablet Deals,12,3,150,74,9,0.88
5e3cd2b642ef820563534b16,ARTICLE,3,10/22/2019 11:08,Automotive Deals,49,3,74,6,3,0.5
5e3cd2b642ef820563534b18,ARTICLE,23,10/22/2019 11:06,Sports Deals,48,3,87,149,126,0.15
5e3cd2b642ef820563534b22,ARTICLE,32,10/22/2019 7:07,Computer Peripheral Deals,24,3,82,99,67,0.32
5e3cd2b742ef820563534bb7,ARTICLE,11,10/23/2019 14:26,Kids & Toys Deals,60,3,65,45,34,0.24
5e3cd2b742ef820563534bcb,ARTICLE,12,10/23/2019 12:53,Camera & Camcorder Deals,16,3,136,22,10,0.55
5e3cd2b742ef820563534c73,ARTICLE,3,10/24/2019 20:42,Kids & Toys Deals,60,3,76,24,21,0.12
5e3cd2b842ef820563534d1c,ARTICLE,11,10/25/2019 15:21,MP3 Player & IPod Deals,58,3,99,189,178,0.06
5e3cd2b842ef820563534d3e,ARTICLE,40,10/25/2019 12:08,Sports Deals,48,3,134,640,600,0.06
5e3cd2b842ef820563534d3f,ARTICLE,10,10/25/2019 12:04,Kids & Toys Deals,60,3,78,119,109,0.08
5e3cd2b842ef820563534dc2,ARTICLE,60,10/26/2019 11:43,Kids & Toys Deals,60,3,78,130,70,0.46
5e3cd2b842ef820563534ec7,ARTICLE,5,10/28/2019 14:59,Electronics Deals,18,3,119,10,5,0.5
5e3cd2b842ef820563534ecc,ARTICLE,6,10/28/2019 14:39,Video Game Deals,59,3,72,19,13,0.32
5e3cd2b842ef820563534ed1,ARTICLE,80,10/28/2019 14:28,Kids & Toys Deals,60,3,79,220,140,0.36
5e3cd2b942ef820563534f90,ARTICLE,15,10/29/2019 11:24,Clothing Deals,42,3,138,18,3,0.83
5e3cd2b942ef820563534fae,ARTICLE,35,10/29/2019 5:15,Video Game Deals,59,3,90,165,130,0.21
5e3cd2b942ef820563535017,ARTICLE,7,10/30/2019 12:27,Kids & Toys Deals,60,3,74,8,1,0.88
5e3cd2b542ef820563534595,ARTICLE,5,10/3/2019 14:41,Kids & Toys Deals,60,3,70,18,13,0.28
5e3cd2b542ef820563534683,ARTICLE,5,10/8/2019 6:52,Clothing Deals,42,3,111,10,5,0.5
5e3cd2b542ef820563534594,ARTICLE,12,10/3/2019 14:44,Kids & Toys Deals,60,3,138,97,85,0.12
5e3cd2b642ef8205635348ae,ARTICLE,33,10/16/2019 21:34,Sports Deals,48,3,92,35,2,0.94
5e3cd2b542ef820563534625,ARTICLE,38,10/7/2019 16:26,Clothing Deals,42,3,63,130,92,0.29
5e3cd2b742ef820563534c7d,ARTICLE,15,10/24/2019 16:59,Cell Phone Deals,14,3,119,55,40,0.27
5e3cd2b842ef820563534ee1,ARTICLE,9,10/28/2019 12:39,Electronics Deals,18,3,144,331,322,0.03
5e3cd2b542ef820563534712,ARTICLE,5,10/10/2019 10:08,Clothing Deals,42,3,94,7,2,0.71
5e3cd2b842ef820563534ee9,ARTICLE,5,10/28/2019 11:20,Electronics Deals,18,3,111,13,8,0.38
5e3cd2b542ef820563534566,ARTICLE,8,10/2/2019 11:12,Gifts & Jewelry Deals,52,3,127,9,1,0.89
5e3cd2b542ef82056353458b,ARTICLE,19,10/3/2019 16:42,Clothing Deals,42,3,68,68,49,0.28
5e3cd2b542ef82056353459c,ARTICLE,59,10/3/2019 11:46,Electronics Deals,18,3,102,120,61,0.49
5e3cd2b542ef8205635345a1,ARTICLE,30,10/3/2019 5:01,IPad & Tablet Deals,12,3,139,169,139,0.18
5e3cd2b542ef8205635345b1,ARTICLE,3,10/4/2019 17:47,Health & Beauty Deals,53,3,77,11,8,0.27
5e3cd2b542ef8205635345cc,ARTICLE,15,10/5/2019 10:37,Kids & Toys Deals,60,3,90,65,50,0.23
5e3cd2b542ef82056353467f,ARTICLE,24,10/8/2019 9:06,Gifts & Jewelry Deals,52,3,79,75,51,0.32
5e3cd2b542ef820563534680,ARTICLE,20,10/8/2019 8:35,Shoe Deals,43,3,85,40,20,0.5
5e3cd2b542ef820563534681,ARTICLE,10,10/8/2019 8:25,Cell Phone Deals,14,3,111,100,90,0.1
5e3cd2b542ef820563534682,ARTICLE,57,10/8/2019 7:06,Cell Phone Deals,14,3,75,70,13,0.81
5e3cd2b542ef8205635346d0,ARTICLE,17,10/9/2019 10:52,IPad & Tablet Deals,12,3,100,250,233,0.07
5e3cd2b542ef8205635346d5,ARTICLE,24,10/9/2019 5:48,Cell Phone Deals,14,3,140,70,46,0.34
5e3cd2b542ef820563534710,ARTICLE,3,10/10/2019 10:28,Electronics Deals,18,3,73,17,14,0.18
5e3cd2b542ef820563534732,ARTICLE,34,10/11/2019 11:07,Cell Phone Deals,14,3,146,280,246,0.12
5e3cd2b542ef8205635347e6,ARTICLE,24,10/14/2019 8:09,Shoe Deals,43,3,129,28,4,0.86
5e3cd2b542ef8205635347ed,ARTICLE,19,10/14/2019 7:07,Clothing Deals,42,3,109,56,37,0.34
5e3cd2b542ef8205635347ee,ARTICLE,16,10/14/2019 7:06,Clothing Deals,42,3,107,24,8,0.67
5e3cd2b542ef820563534876,ARTICLE,4,10/15/2019 6:18,Clothing Deals,42,3,63,17,13,0.24
5e3cd2b642ef8205635348b9,ARTICLE,7,10/16/2019 16:21,Clothing Deals,42,3,130,25,18,0.28
5e3cd2b642ef8205635348f4,ARTICLE,11,10/16/2019 6:26,Cell Phone Deals,14,3,93,320,309,0.03
5e3cd2b642ef820563534930,ARTICLE,13,10/17/2019 17:49,Automotive Deals,49,3,70,47,34,0.28
5e3cd2b642ef82056353493d,ARTICLE,4,10/17/2019 14:15,Food & Drink Deals,54,3,89,11,7,0.36
5e3cd2b642ef82056353494e,ARTICLE,20,10/17/2019 10:58,Shoe Deals,43,3,135,33,13,0.61
5e3cd2b642ef82056353495d,ARTICLE,15,10/17/2019 4:10,Sale Events,61,3,86,85,70,0.18
5e3cd2b642ef820563534983,ARTICLE,63,10/18/2019 14:19,PC Laptop Deals,9,3,67,567,504,0.11
5e3cd2b642ef820563534986,ARTICLE,30,10/18/2019 14:13,Cell Phone Deals,14,3,109,170,140,0.18
5e3cd2b642ef8205635349ca,ARTICLE,15,10/19/2019 10:50,Shoe Deals,43,3,97,30,15,0.5
5e3cd2b642ef820563534b0a,ARTICLE,9,10/22/2019 12:47,Shoe Deals,43,3,78,30,21,0.3
5e3cd2b642ef820563534b2e,ARTICLE,54,10/22/2019 4:34,Electronics Deals,18,3,74,325,271,0.17
5e3cd2b642ef820563534b35,ARTICLE,12,10/22/2019 2:57,IPad & Tablet Deals,12,3,86,55,43,0.22
5e3cd2b742ef820563534ba4,ARTICLE,60,10/23/2019 17:00,PC Laptop Deals,9,3,82,500,440,0.12
5e3cd2b742ef820563534bfe,ARTICLE,145,10/23/2019 5:02,Electronics Deals,18,3,145,215,70,0.67
5e3cd2b742ef820563534c8c,ARTICLE,67,10/24/2019 14:21,Cell Phone Deals,14,3,107,365,298,0.18
5e3cd2b742ef820563534cb2,ARTICLE,119,10/24/2019 9:09,Mac Computer Deals,11,3,140,290,171,0.41
5e3cd2b742ef820563534cbe,ARTICLE,55,10/24/2019 5:22,Video Game Deals,59,3,65,100,45,0.55
5e3cd2b742ef820563534cc3,ARTICLE,72,10/24/2019 3:35,Electronics Deals,18,3,99,89,17,0.81
5e3cd2b842ef820563534d28,ARTICLE,40,10/25/2019 14:37,IPad & Tablet Deals,12,3,110,440,400,0.09
5e3cd2b842ef820563534da9,ARTICLE,30,10/26/2019 15:26,IPad & Tablet Deals,12,3,101,90,60,0.33
5e3cd2b842ef820563534dae,ARTICLE,4,10/26/2019 15:08,Cell Phone Deals,14,3,98,150,146,0.03
5e3cd2b842ef820563534db3,ARTICLE,5,10/26/2019 14:26,Shoe Deals,43,3,94,25,20,0.2
5e3cd2b842ef820563534e47,ARTICLE,10,10/27/2019 15:48,Mac Computer Deals,11,3,102,330,320,0.03
5e3cd2b842ef820563534e48,ARTICLE,19,10/27/2019 15:26,Cell Phone Deals,14,3,119,55,36,0.35
5e3cd2b842ef820563534e57,ARTICLE,3,10/27/2019 9:25,Health & Beauty Deals,53,3,121,12,9,0.25
5e3cd2b842ef820563534ec6,ARTICLE,16,10/28/2019 15:00,Clothing Deals,42,3,68,64,48,0.25
5e3cd2b942ef820563534f2c,ARTICLE,10,10/30/2019 12:26,Health & Beauty Deals,53,3,124,26,16,0.38
5e3cd2b942ef820563534f78,ARTICLE,4,10/29/2019 14:52,Health & Beauty Deals,53,3,70,18,14,0.22
5e3cd2b942ef820563534f89,ARTICLE,23,10/29/2019 12:51,Cell Phone Deals,14,3,97,213,190,0.11
5e3cd2b942ef820563534fa5,ARTICLE,25,10/29/2019 8:44,Electronics Deals,18,3,75,190,165,0.13
5e3cd2b942ef820563534fbc,ARTICLE,16,10/31/2019 14:59,Clothing Deals,42,3,99,63,47,0.25
5e3cd2b942ef820563535016,ARTICLE,55,10/30/2019 12:32,Cell Phone Deals,14,3,101,270,215,0.2
5e3cd2b942ef82056353502e,ARTICLE,58,10/30/2019 10:45,Gifts & Jewelry Deals,52,3,109,120,62,0.48
5e3cd2b942ef820563535034,ARTICLE,22,10/30/2019 9:20,Electronics Deals,18,3,89,138,116,0.16
5e3cd2b542ef820563534529,ARTICLE,90,10/1/2019 8:45,PC Laptop Deals,9,3,70,200,110,0.45
5e3cd2b542ef82056353458d,ARTICLE,70,10/3/2019 15:48,Electronics Deals,18,3,79,120,50,0.58
5e3cd2b542ef8205635345a0,ARTICLE,30,10/3/2019 7:41,Cell Phone Deals,14,3,65,355,325,0.08
5e3cd2b542ef8205635345c0,ARTICLE,11,10/4/2019 8:11,Gifts & Jewelry Deals,52,3,123,60,49,0.18
5e3cd2b542ef820563534632,ARTICLE,160,10/7/2019 11:37,Cell Phone Deals,14,3,92,270,110,0.59
5e3cd2b542ef820563534730,ARTICLE,20,10/11/2019 13:39,Computer Peripheral Deals,24,3,76,580,560,0.03
5e3cd2b542ef82056353478a,ARTICLE,65,10/13/2019 14:52,Shoe Deals,43,3,130,75,10,0.87
5e3cd2b642ef82056353499a,ARTICLE,40,10/18/2019 9:37,Cell Phone Deals,14,3,92,310,270,0.13
5e3cd2b642ef820563534b03,ARTICLE,35,10/22/2019 17:05,Electronics Deals,18,3,86,309,274,0.11
5e3cd2b642ef820563534b14,ARTICLE,10,10/22/2019 11:15,PC Laptop Deals,9,3,86,769,759,0.01
5e3cd2b742ef820563534bd0,ARTICLE,10,10/23/2019 10:54,IPad & Tablet Deals,12,3,82,100,90,0.1
5e3cd2b742ef820563534bf3,ARTICLE,51,10/23/2019 7:52,Cell Phone Deals,14,3,75,549,498,0.09
5e3cd2b742ef820563534bf4,ARTICLE,49,10/23/2019 7:49,IPad & Tablet Deals,12,3,107,280,231,0.18
5e3cd2b742ef820563534c6e,ARTICLE,403,10/25/2019 3:40,Cell Phone Deals,14,3,136,647,244,0.62
5e3cd2b742ef820563534c77,ARTICLE,5,10/24/2019 20:00,Electronics Deals,18,3,67,25,20,0.2
5e3cd2b742ef820563534c89,ARTICLE,16,10/24/2019 14:36,Electronics Deals,18,3,65,23,7,0.7
5e3cd2b842ef820563534ed3,ARTICLE,4,10/28/2019 14:26,Clothing Deals,42,3,113,6,2,0.67
5e3cd2b942ef820563534f6d,ARTICLE,550,10/29/2019 16:42,PC Laptop Deals,9,3,99,599,49,0.92
5e3cd2b942ef820563534f8a,ARTICLE,70,10/29/2019 12:23,Electronics Deals,18,3,86,130,60,0.54
5e3cd2b942ef820563534f99,ARTICLE,60,10/29/2019 10:31,Cell Phone Deals,14,3,134,579,519,0.1
5e3cd2b942ef820563534fb8,ARTICLE,66,10/31/2019 16:42,Cell Phone Deals,14,3,98,99,33,0.67
5e3cd2b942ef820563534fe2,ARTICLE,49,10/31/2019 7:06,Cell Phone Deals,14,3,118,50,1,0.98
5e3cd2b942ef82056353501d,ARTICLE,139,10/30/2019 11:33,Electronics Deals,18,3,90,150,11,0.93
5e3cd2b942ef820563535026,ARTICLE,3,10/30/2019 10:59,Video Game Deals,59,3,104,36,33,0.08
5e3cd2b942ef820563535027,ARTICLE,13,10/30/2019 10:52,Kids & Toys Deals,60,3,76,147,134,0.09
5e3cd2b742ef820563534bee,ARTICLE,1,10/23/2019 8:35,Clothing Deals,42,3,69,199,198,0.01
5e3cd2b542ef8205635346b6,ARTICLE,9,10/9/2019 20:53,Clothing Deals,42,3,106,16,7,0.56
5e3cd2b542ef820563534733,ARTICLE,43,10/11/2019 8:46,Shoe Deals,43,3,122,85,42,0.51
5e3cd2b642ef820563534932,ARTICLE,36,10/17/2019 17:00,PC Desktop & Server Deals,10,3,72,649,613,0.06
5e3cd2b642ef82056353495c,ARTICLE,15,10/17/2019 4:11,Shoe Deals,43,3,87,55,40,0.27
5e3cd2b742ef820563534b98,ARTICLE,251,10/23/2019 20:27,"Movie, Music, Book Deals",57,3,75,549,298,0.46
5e3cd2b742ef820563534be2,ARTICLE,648,10/23/2019 9:46,PC Laptop Deals,9,3,74,779,131,0.83
5e3cd2b742ef820563534be3,ARTICLE,522,10/23/2019 9:43,PC Laptop Deals,9,3,73,619,97,0.84
5e3cd2b742ef820563534c9c,ARTICLE,18,10/24/2019 11:50,Clothing Deals,42,3,80,42,24,0.43
5e3cd2b842ef820563534e50,ARTICLE,4,10/27/2019 13:44,Clothing Deals,42,3,84,20,16,0.2
5e3cd2b942ef820563534f8b,ARTICLE,14,10/29/2019 12:22,Clothing Deals,42,3,67,21,7,0.67
5e3cd2b942ef820563534fe0,ARTICLE,201,10/31/2019 9:09,Camera & Camcorder Deals,16,3,101,599,398,0.34
5e3cd2b942ef820563534ff3,ARTICLE,15,10/30/2019 20:37,Clothing Deals,42,3,94,20,5,0.75
5e3cd2b542ef820563534555,ARTICLE,13,10/2/2019 19:27,Shoe Deals,43,3,92,41,28,0.32
5e3cd2b742ef820563534bc6,ARTICLE,3,10/23/2019 13:18,Shoe Deals,43,3,94,10,7,0.3
5e3cd2b942ef820563534f74,ARTICLE,2,10/29/2019 15:23,Shoe Deals,43,3,110,45,43,0.04
5e3cd2b542ef820563534586,ARTICLE,49,10/3/2019 19:21,Sports Deals,48,3,91,350,301,0.14
5e3cd2b542ef82056353459d,ARTICLE,16,10/3/2019 11:41,Clothing Deals,42,3,94,25,9,0.64
5e3cd2b542ef820563534637,ARTICLE,10,10/7/2019 3:33,Clothing Deals,42,3,74,24,14,0.42
5e3cd2b542ef820563534661,ARTICLE,70,10/8/2019 21:26,Storage Deals,20,3,74,180,110,0.39
5e3cd2b542ef82056353466f,ARTICLE,14,10/8/2019 14:40,Shoe Deals,43,3,70,32,18,0.44
5e3cd2b542ef8205635346d4,ARTICLE,6,10/9/2019 6:26,Clothing Deals,42,3,77,25,19,0.24
5e3cd2b542ef820563534736,ARTICLE,23,10/11/2019 3:49,Shoe Deals,43,3,83,27,4,0.85
5e3cd2b542ef820563534788,ARTICLE,15,10/13/2019 19:39,Clothing Deals,42,3,77,30,15,0.5
5e3cd2b542ef820563534860,ARTICLE,16,10/15/2019 10:49,Shoe Deals,43,3,112,23,7,0.7
5e3cd2b642ef820563534939,ARTICLE,15,10/17/2019 14:52,Storage Deals,20,3,72,100,85,0.15
5e3cd2b742ef820563534b94,ARTICLE,28,10/23/2019 23:08,Clothing Deals,42,3,148,38,10,0.74
5e3cd2b742ef820563534bb6,ARTICLE,10,10/23/2019 14:31,Clothing Deals,42,3,131,25,15,0.4
5e3cd2b742ef820563534bd1,ARTICLE,13,10/23/2019 10:52,Shoe Deals,43,3,64,40,27,0.32
5e3cd2b742ef820563534c06,ARTICLE,7,10/23/2019 1:26,Clothing Deals,42,3,89,15,8,0.47
5e3cd2b742ef820563534caf,ARTICLE,39,10/24/2019 9:17,Clothing Deals,42,3,111,90,51,0.43
5e3cd2b842ef820563534d69,ARTICLE,6,10/25/2019 5:19,Electronics Deals,18,3,90,54,48,0.11
5e3cd2b842ef820563534dbf,ARTICLE,70,10/26/2019 12:24,Shoe Deals,43,3,139,180,110,0.39
5e3cd2b842ef820563534ecf,ARTICLE,2,10/28/2019 14:32,Clothing Deals,42,3,109,6,4,0.33
5e3cd2b942ef820563534f5f,ARTICLE,60,10/30/2019 5:21,Computer Peripheral Deals,24,3,82,269,209,0.22
5e3cd2b942ef820563534f69,ARTICLE,101,10/29/2019 18:44,Camera & Camcorder Deals,16,3,132,249,148,0.41
5e3cd2b942ef820563534f70,ARTICLE,24,10/29/2019 15:56,Clothing Deals,42,3,114,110,86,0.22
5e3cd2b942ef820563534f88,ARTICLE,45,10/29/2019 12:54,Clothing Deals,42,3,109,89,44,0.51
5e3cd2b942ef820563534f8c,ARTICLE,10,10/29/2019 11:55,Shoe Deals,43,3,66,25,15,0.4
5e3cd2b942ef820563534f9b,ARTICLE,20,10/29/2019 10:26,Shoe Deals,43,3,114,30,10,0.67
5e3cd2b942ef820563534fe8,ARTICLE,35,10/31/2019 5:20,Clothing Deals,42,3,83,46,11,0.76
5e3cd2b942ef820563534fea,ARTICLE,10,10/31/2019 4:55,Clothing Deals,42,3,93,38,28,0.26
5e3cd2b942ef820563534ff0,ARTICLE,24,10/30/2019 23:19,Shoe Deals,43,3,143,34,10,0.71
5e3cd2b942ef82056353501b,ARTICLE,5,10/30/2019 11:35,Kids & Toys Deals,60,3,75,25,20,0.2
5e3cd2b542ef82056353452a,ARTICLE,4,10/1/2019 8:37,Health & Beauty Deals,53,3,82,9,5,0.44
5e3cd2b542ef82056353459f,ARTICLE,13,10/3/2019 9:40,Health & Beauty Deals,53,3,101,16,3,0.81
5e3cd2b542ef82056353467b,ARTICLE,17,10/8/2019 11:20,Clothing Deals,42,3,98,46,29,0.37
5e3cd2b642ef820563534945,ARTICLE,4,10/17/2019 12:50,Electronics Deals,18,3,69,12,8,0.33
5e3cd2b642ef820563534a7a,ARTICLE,21,10/21/2019 9:23,Electronics Deals,18,3,80,260,239,0.08
5e3cd2b642ef820563534a7c,ARTICLE,4,10/21/2019 8:43,Health & Beauty Deals,53,3,77,19,15,0.21
5e3cd2b742ef820563534bdf,ARTICLE,30,10/23/2019 9:53,Video Game Deals,59,3,67,50,20,0.6
5e3cd2b742ef820563534c01,ARTICLE,37,10/23/2019 3:46,Cell Phone Deals,14,3,106,81,44,0.46
5e3cd2b742ef820563534caa,ARTICLE,10,10/24/2019 10:03,Clothing Deals,42,3,66,70,60,0.14
5e3cd2b742ef820563534cae,ARTICLE,7,10/24/2019 9:28,Clothing Deals,42,3,71,140,133,0.05
5e3cd2b842ef820563534d17,ARTICLE,2,10/25/2019 16:36,Electronics Deals,18,3,90,14,12,0.14
5e3cd2b842ef820563534d18,ARTICLE,70,10/25/2019 16:19,PC Laptop Deals,9,3,148,129,59,0.54
5e3cd2b842ef820563534d60,ARTICLE,47,10/25/2019 7:24,Electronics Deals,18,3,117,122,75,0.39
5e3cd2b842ef820563534d68,ARTICLE,17,10/25/2019 5:20,TV Deals,13,3,78,97,80,0.18
5e3cd2b842ef820563534ed4,ARTICLE,60,10/28/2019 14:25,Electronics Deals,18,3,79,339,279,0.18
5e3cd2b942ef820563534f49,ARTICLE,160,10/30/2019 10:44,Computer Peripheral Deals,24,3,100,279,119,0.57
5e3cd2b942ef820563535019,ARTICLE,3,10/30/2019 12:19,Electronics Deals,18,3,99,32,29,0.09
5e3cd2b942ef82056353501c,ARTICLE,3,10/30/2019 11:34,Clothing Deals,42,3,78,10,7,0.3
5e3cd2b742ef820563534be9,ARTICLE,2,10/23/2019 9:14,Food & Drink Deals,54,3,127,5,3,0.4
5e3cd2b842ef820563534dc9,ARTICLE,7,10/26/2019 10:36,Automotive Deals,49,3,113,26,19,0.27
5e3cd2b942ef820563534fa0,ARTICLE,3,10/29/2019 9:37,Clothing Deals,42,3,85,17,14,0.18
5e3cd2b542ef820563534711,ARTICLE,7,10/10/2019 10:17,Sports Deals,48,3,68,59,52,0.12
5e3cd2b542ef820563534879,ARTICLE,12,10/15/2019 4:54,Shoe Deals,43,3,123,18,6,0.67
5e3cd2b642ef8205635348ac,ARTICLE,35,10/16/2019 22:38,Clothing Deals,42,3,98,173,138,0.2
5e3cd2b642ef820563534948,ARTICLE,50,10/17/2019 12:03,Gifts & Jewelry Deals,52,3,69,150,100,0.33
5e3cd2b642ef82056353494f,ARTICLE,12,10/17/2019 10:44,Clothing Deals,42,3,88,14,2,0.86
5e3cd2b642ef820563534979,ARTICLE,20,10/18/2019 17:28,Clothing Deals,42,3,109,63,43,0.32
5e3cd2b642ef820563534987,ARTICLE,170,10/18/2019 13:56,IPad & Tablet Deals,12,3,114,500,330,0.34
5e3cd2b642ef82056353499b,ARTICLE,6,10/18/2019 9:21,Health & Beauty Deals,53,3,94,14,8,0.43
5e3cd2b642ef820563534b09,ARTICLE,17,10/22/2019 12:48,Health & Beauty Deals,53,3,96,20,3,0.85
5e3cd2b642ef820563534b31,ARTICLE,5,10/22/2019 4:24,Health & Beauty Deals,53,3,78,20,15,0.25
5e3cd2b742ef820563534ba5,ARTICLE,86,10/23/2019 16:57,Gifts & Jewelry Deals,52,3,128,250,164,0.34
5e3cd2b742ef820563534bff,ARTICLE,12,10/23/2019 4:53,Office Deals,30,3,118,68,56,0.18
5e3cd2b742ef820563534c93,ARTICLE,3,10/24/2019 12:56,Clothing Deals,42,3,123,12,9,0.25
5e3cd2b842ef820563534d10,ARTICLE,13,10/25/2019 17:51,Shoe Deals,43,3,105,27,14,0.48
5e3cd2b842ef820563534d1d,ARTICLE,28,10/25/2019 15:20,Electronics Deals,18,3,87,62,34,0.45
5e3cd2b842ef820563534d22,ARTICLE,11,10/25/2019 14:54,Clothing Deals,42,3,103,54,43,0.2
5e3cd2b842ef820563534da4,ARTICLE,5,10/26/2019 15:59,Clothing Deals,42,3,125,8,3,0.62
5e3cd2b842ef820563534dc7,ARTICLE,8,10/26/2019 10:53,Shoe Deals,43,3,103,42,34,0.19
5e3cd2b842ef820563534dde,ARTICLE,410,10/26/2019 7:37,PC Laptop Deals,9,3,66,1600,1190,0.26
5e3cd2b842ef820563534dea,ARTICLE,11,10/22/2019 8:08,Camera & Camcorder Deals,16,3,136,49,38,0.22
5e3cd2b842ef820563534e3c,ARTICLE,6,10/27/2019 18:17,Clothing Deals,42,3,83,55,49,0.11
5e3cd2b842ef820563534e67,ARTICLE,47,10/29/2019 17:34,Shoe Deals,43,3,73,72,25,0.65
5e3cd2b842ef820563534ebb,ARTICLE,7,10/28/2019 16:45,Electronics Deals,18,3,92,18,11,0.39
5e3cd2b842ef820563534ee2,ARTICLE,330,10/28/2019 12:37,PC Laptop Deals,9,3,109,430,100,0.77
5e3cd2b842ef820563534ee3,ARTICLE,14,10/28/2019 12:33,Video Game Deals,59,3,98,45,31,0.31
5e3cd2b842ef820563534ef7,ARTICLE,14,10/28/2019 5:41,Electronics Deals,18,3,126,130,116,0.11
5e3cd2b942ef820563534f84,ARTICLE,3,10/29/2019 12:59,Clothing Deals,42,3,107,17,14,0.18
5e3cd2b942ef820563534fb2,ARTICLE,118,10/23/2019 10:23,Kids & Toys Deals,60,3,90,337,219,0.35
5e3cd2b942ef820563535022,ARTICLE,6,10/30/2019 11:16,Clothing Deals,42,3,73,17,11,0.35
5e3cd2b942ef820563535029,ARTICLE,23,10/30/2019 10:50,Clothing Deals,42,3,96,37,14,0.62
5e3cd2b942ef82056353503d,ARTICLE,6,10/30/2019 6:08,Camera & Camcorder Deals,16,3,90,49,43,0.12
